-- MySQL dump 10.13  Distrib 8.0.31, for Win64 (x86_64)
--
-- Host: 127.0.0.1    Database: bus2
-- ------------------------------------------------------
-- Server version	8.0.31

/*!40101 SET @OLD_CHARACTER_SET_CLIENT=@@CHARACTER_SET_CLIENT */;
/*!40101 SET @OLD_CHARACTER_SET_RESULTS=@@CHARACTER_SET_RESULTS */;
/*!40101 SET @OLD_COLLATION_CONNECTION=@@COLLATION_CONNECTION */;
/*!50503 SET NAMES utf8 */;
/*!40103 SET @OLD_TIME_ZONE=@@TIME_ZONE */;
/*!40103 SET TIME_ZONE='+00:00' */;
/*!40014 SET @OLD_UNIQUE_CHECKS=@@UNIQUE_CHECKS, UNIQUE_CHECKS=0 */;
/*!40014 SET @OLD_FOREIGN_KEY_CHECKS=@@FOREIGN_KEY_CHECKS, FOREIGN_KEY_CHECKS=0 */;
/*!40101 SET @OLD_SQL_MODE=@@SQL_MODE, SQL_MODE='NO_AUTO_VALUE_ON_ZERO' */;
/*!40111 SET @OLD_SQL_NOTES=@@SQL_NOTES, SQL_NOTES=0 */;

--
-- Table structure for table `coachs`
--

DROP TABLE IF EXISTS `coachs`;
/*!40101 SET @saved_cs_client     = @@character_set_client */;
/*!50503 SET character_set_client = utf8mb4 */;
CREATE TABLE `coachs` (
  `idCoach` int NOT NULL AUTO_INCREMENT,
  `numberCoach` int DEFAULT NULL,
  `capacity` int DEFAULT NULL,
  `typeOfCoach` varchar(255) CHARACTER SET utf8mb4 COLLATE utf8mb4_unicode_ci DEFAULT NULL,
  PRIMARY KEY (`idCoach`),
  KEY `FK_coach_typeofcoach` (`typeOfCoach`),
  CONSTRAINT `FK_coach_typeofcoach` FOREIGN KEY (`typeOfCoach`) REFERENCES `typeofcoach` (`nameTypeOfCoach`)
) ENGINE=InnoDB AUTO_INCREMENT=11 DEFAULT CHARSET=utf8mb4 COLLATE=utf8mb4_unicode_ci;
/*!40101 SET character_set_client = @saved_cs_client */;

--
-- Dumping data for table `coachs`
--

LOCK TABLES `coachs` WRITE;
/*!40000 ALTER TABLE `coachs` DISABLE KEYS */;
INSERT INTO `coachs` VALUES (1,1,20,'Xe Giường Nằm'),(2,2,20,'Xe Khách'),(3,3,20,'Xe Giường Nằm'),(4,4,20,'Xe Khách'),(5,5,20,'Xe Giường Nằm'),(6,6,20,'Xe Khách'),(7,7,20,'Xe Giường Nằm'),(8,8,20,'Xe Khách'),(9,9,20,'Xe Giường Nằm'),(10,10,20,'Xe Khách');
/*!40000 ALTER TABLE `coachs` ENABLE KEYS */;
UNLOCK TABLES;

--
-- Table structure for table `coachstripcoachseat`
--

DROP TABLE IF EXISTS `coachstripcoachseat`;
/*!40101 SET @saved_cs_client     = @@character_set_client */;
/*!50503 SET character_set_client = utf8mb4 */;
CREATE TABLE `coachstripcoachseat` (
  `idCSCS` int NOT NULL AUTO_INCREMENT,
  `idCoach` int DEFAULT NULL,
  `idCoachStrips` int DEFAULT NULL,
  `price` double DEFAULT NULL,
  `departureTime` datetime DEFAULT NULL,
  `statusSeat` int DEFAULT NULL,
  `nameSeat` int DEFAULT NULL,
  `idStaff` int DEFAULT NULL,
  PRIMARY KEY (`idCSCS`),
  KEY `FK_CCT_coach` (`idCoach`),
  KEY `FK_CoachOfCoachStrips_staff` (`idStaff`),
  KEY `FK_coach_coach_strips_2` (`idCoachStrips`),
  CONSTRAINT `FK_CCT_coach` FOREIGN KEY (`idCoach`) REFERENCES `coachs` (`idCoach`),
  CONSTRAINT `FK_coach_coach_strips_2` FOREIGN KEY (`idCoachStrips`) REFERENCES `coachstrips` (`idCoachStips`),
  CONSTRAINT `FK_CoachOfCoachStrips_staff` FOREIGN KEY (`idStaff`) REFERENCES `staff` (`idStaff`)
) ENGINE=InnoDB AUTO_INCREMENT=1201 DEFAULT CHARSET=utf8mb4 COLLATE=utf8mb4_0900_ai_ci;
/*!40101 SET character_set_client = @saved_cs_client */;

--
-- Dumping data for table `coachstripcoachseat`
--

LOCK TABLES `coachstripcoachseat` WRITE;
/*!40000 ALTER TABLE `coachstripcoachseat` DISABLE KEYS */;
INSERT INTO `coachstripcoachseat` VALUES (1,1,1,450000,'2023-04-01 07:00:00',1,1,6),(2,1,1,450000,'2023-04-01 07:00:00',1,2,6),(3,1,1,450000,'2023-04-01 07:00:00',1,3,6),(4,1,1,450000,'2023-04-01 07:00:00',1,4,6),(5,1,1,450000,'2023-04-01 07:00:00',1,5,6),(6,1,1,450000,'2023-04-01 07:00:00',1,6,6),(7,1,1,450000,'2023-04-01 07:00:00',1,7,6),(8,1,1,450000,'2023-04-01 07:00:00',1,8,6),(9,1,1,450000,'2023-04-01 07:00:00',1,9,6),(10,1,1,450000,'2023-04-01 07:00:00',1,10,6),(11,1,1,450000,'2023-04-01 07:00:00',1,11,6),(12,1,1,450000,'2023-04-01 07:00:00',1,12,6),(13,1,1,450000,'2023-04-01 07:00:00',1,13,6),(14,1,1,450000,'2023-04-01 07:00:00',1,14,6),(15,1,1,450000,'2023-04-01 07:00:00',1,15,6),(16,1,1,450000,'2023-04-01 07:00:00',1,16,6),(17,1,1,450000,'2023-04-01 07:00:00',1,17,6),(18,1,1,450000,'2023-04-01 07:00:00',1,18,6),(19,1,1,450000,'2023-04-01 07:00:00',1,19,6),(20,1,1,450000,'2023-04-01 07:00:00',1,20,6),(21,2,1,450000,'2023-04-01 07:00:00',1,1,7),(22,2,1,450000,'2023-04-01 07:00:00',1,2,7),(23,2,1,450000,'2023-04-01 07:00:00',1,3,7),(24,2,1,450000,'2023-04-01 07:00:00',1,4,7),(25,2,1,450000,'2023-04-01 07:00:00',1,5,7),(26,2,1,450000,'2023-04-01 07:00:00',1,6,7),(27,2,1,450000,'2023-04-01 07:00:00',1,7,7),(28,2,1,450000,'2023-04-01 07:00:00',1,8,7),(29,2,1,450000,'2023-04-01 07:00:00',1,9,7),(30,2,1,450000,'2023-04-01 07:00:00',1,10,7),(31,2,1,450000,'2023-04-01 07:00:00',1,11,7),(32,2,1,450000,'2023-04-01 07:00:00',1,12,7),(33,2,1,450000,'2023-04-01 07:00:00',1,13,7),(34,2,1,450000,'2023-04-01 07:00:00',1,14,7),(35,2,1,450000,'2023-04-01 07:00:00',1,15,7),(36,2,1,450000,'2023-04-01 07:00:00',1,16,7),(37,2,1,450000,'2023-04-01 07:00:00',1,17,7),(38,2,1,450000,'2023-04-01 07:00:00',1,18,7),(39,2,1,450000,'2023-04-01 07:00:00',1,19,7),(40,2,1,450000,'2023-04-01 07:00:00',1,20,7),(41,3,2,450000,'2023-04-01 07:00:00',1,1,8),(42,3,2,450000,'2023-04-01 07:00:00',1,2,8),(43,3,2,450000,'2023-04-01 07:00:00',1,3,8),(44,3,2,450000,'2023-04-01 07:00:00',1,4,8),(45,3,2,450000,'2023-04-01 07:00:00',1,5,8),(46,3,2,450000,'2023-04-01 07:00:00',1,6,8),(47,3,2,450000,'2023-04-01 07:00:00',1,7,8),(48,3,2,450000,'2023-04-01 07:00:00',1,8,8),(49,3,2,450000,'2023-04-01 07:00:00',1,9,8),(50,3,2,450000,'2023-04-01 07:00:00',1,10,8),(51,3,2,450000,'2023-04-01 07:00:00',1,11,8),(52,3,2,450000,'2023-04-01 07:00:00',1,12,8),(53,3,2,450000,'2023-04-01 07:00:00',1,13,8),(54,3,2,450000,'2023-04-01 07:00:00',1,14,8),(55,3,2,450000,'2023-04-01 07:00:00',1,15,8),(56,3,2,450000,'2023-04-01 07:00:00',1,16,8),(57,3,2,450000,'2023-04-01 07:00:00',1,17,8),(58,3,2,450000,'2023-04-01 07:00:00',1,18,8),(59,3,2,450000,'2023-04-01 07:00:00',1,19,8),(60,3,2,450000,'2023-04-01 07:00:00',1,20,8),(61,4,2,450000,'2023-04-01 07:00:00',1,1,9),(62,4,2,450000,'2023-04-01 07:00:00',1,2,9),(63,4,2,450000,'2023-04-01 07:00:00',1,3,9),(64,4,2,450000,'2023-04-01 07:00:00',1,4,9),(65,4,2,450000,'2023-04-01 07:00:00',1,5,9),(66,4,2,450000,'2023-04-01 07:00:00',1,6,9),(67,4,2,450000,'2023-04-01 07:00:00',1,7,9),(68,4,2,450000,'2023-04-01 07:00:00',1,8,9),(69,4,2,450000,'2023-04-01 07:00:00',1,9,9),(70,4,2,450000,'2023-04-01 07:00:00',1,10,9),(71,4,2,450000,'2023-04-01 07:00:00',1,11,9),(72,4,2,450000,'2023-04-01 07:00:00',1,12,9),(73,4,2,450000,'2023-04-01 07:00:00',1,13,9),(74,4,2,450000,'2023-04-01 07:00:00',1,14,9),(75,4,2,450000,'2023-04-01 07:00:00',1,15,9),(76,4,2,450000,'2023-04-01 07:00:00',1,16,9),(77,4,2,450000,'2023-04-01 07:00:00',1,17,9),(78,4,2,450000,'2023-04-01 07:00:00',1,18,9),(79,4,2,450000,'2023-04-01 07:00:00',1,19,9),(80,4,2,450000,'2023-04-01 07:00:00',1,20,9),(81,5,3,450000,'2023-04-01 07:00:00',1,1,10),(82,5,3,450000,'2023-04-01 07:00:00',1,2,10),(83,5,3,450000,'2023-04-01 07:00:00',1,3,10),(84,5,3,450000,'2023-04-01 07:00:00',1,4,10),(85,5,3,450000,'2023-04-01 07:00:00',1,5,10),(86,5,3,450000,'2023-04-01 07:00:00',1,6,10),(87,5,3,450000,'2023-04-01 07:00:00',1,7,10),(88,5,3,450000,'2023-04-01 07:00:00',1,8,10),(89,5,3,450000,'2023-04-01 07:00:00',1,9,10),(90,5,3,450000,'2023-04-01 07:00:00',1,10,10),(91,5,3,450000,'2023-04-01 07:00:00',1,11,10),(92,5,3,450000,'2023-04-01 07:00:00',1,12,10),(93,5,3,450000,'2023-04-01 07:00:00',1,13,10),(94,5,3,450000,'2023-04-01 07:00:00',1,14,10),(95,5,3,450000,'2023-04-01 07:00:00',1,15,10),(96,5,3,450000,'2023-04-01 07:00:00',1,16,10),(97,5,3,450000,'2023-04-01 07:00:00',1,17,10),(98,5,3,450000,'2023-04-01 07:00:00',1,18,10),(99,5,3,450000,'2023-04-01 07:00:00',1,19,10),(100,5,3,450000,'2023-04-01 07:00:00',1,20,10),(101,6,3,450000,'2023-04-01 07:00:00',1,1,11),(102,6,3,450000,'2023-04-01 07:00:00',1,2,11),(103,6,3,450000,'2023-04-01 07:00:00',1,3,11),(104,6,3,450000,'2023-04-01 07:00:00',1,4,11),(105,6,3,450000,'2023-04-01 07:00:00',1,5,11),(106,6,3,450000,'2023-04-01 07:00:00',1,6,11),(107,6,3,450000,'2023-04-01 07:00:00',1,7,11),(108,6,3,450000,'2023-04-01 07:00:00',1,8,11),(109,6,3,450000,'2023-04-01 07:00:00',1,9,11),(110,6,3,450000,'2023-04-01 07:00:00',1,10,11),(111,6,3,450000,'2023-04-01 07:00:00',1,11,11),(112,6,3,450000,'2023-04-01 07:00:00',1,12,11),(113,6,3,450000,'2023-04-01 07:00:00',1,13,11),(114,6,3,450000,'2023-04-01 07:00:00',1,14,11),(115,6,3,450000,'2023-04-01 07:00:00',1,15,11),(116,6,3,450000,'2023-04-01 07:00:00',1,16,11),(117,6,3,450000,'2023-04-01 07:00:00',1,17,11),(118,6,3,450000,'2023-04-01 07:00:00',1,18,11),(119,6,3,450000,'2023-04-01 07:00:00',1,19,11),(120,6,3,450000,'2023-04-01 07:00:00',1,20,11),(121,7,4,450000,'2023-04-01 07:00:00',1,1,12),(122,7,4,450000,'2023-04-01 07:00:00',1,2,12),(123,7,4,450000,'2023-04-01 07:00:00',1,3,12),(124,7,4,450000,'2023-04-01 07:00:00',1,4,12),(125,7,4,450000,'2023-04-01 07:00:00',1,5,12),(126,7,4,450000,'2023-04-01 07:00:00',1,6,12),(127,7,4,450000,'2023-04-01 07:00:00',1,7,12),(128,7,4,450000,'2023-04-01 07:00:00',1,8,12),(129,7,4,450000,'2023-04-01 07:00:00',1,9,12),(130,7,4,450000,'2023-04-01 07:00:00',1,10,12),(131,7,4,450000,'2023-04-01 07:00:00',1,11,12),(132,7,4,450000,'2023-04-01 07:00:00',1,12,12),(133,7,4,450000,'2023-04-01 07:00:00',1,13,12),(134,7,4,450000,'2023-04-01 07:00:00',1,14,12),(135,7,4,450000,'2023-04-01 07:00:00',1,15,12),(136,7,4,450000,'2023-04-01 07:00:00',1,16,12),(137,7,4,450000,'2023-04-01 07:00:00',1,17,12),(138,7,4,450000,'2023-04-01 07:00:00',1,18,12),(139,7,4,450000,'2023-04-01 07:00:00',1,19,12),(140,7,4,450000,'2023-04-01 07:00:00',1,20,12),(141,8,4,450000,'2023-04-01 07:00:00',1,1,13),(142,8,4,450000,'2023-04-01 07:00:00',1,2,13),(143,8,4,450000,'2023-04-01 07:00:00',1,3,13),(144,8,4,450000,'2023-04-01 07:00:00',1,4,13),(145,8,4,450000,'2023-04-01 07:00:00',1,5,13),(146,8,4,450000,'2023-04-01 07:00:00',1,6,13),(147,8,4,450000,'2023-04-01 07:00:00',1,7,13),(148,8,4,450000,'2023-04-01 07:00:00',1,8,13),(149,8,4,450000,'2023-04-01 07:00:00',1,9,13),(150,8,4,450000,'2023-04-01 07:00:00',1,10,13),(151,8,4,450000,'2023-04-01 07:00:00',1,11,13),(152,8,4,450000,'2023-04-01 07:00:00',1,12,13),(153,8,4,450000,'2023-04-01 07:00:00',1,13,13),(154,8,4,450000,'2023-04-01 07:00:00',1,14,13),(155,8,4,450000,'2023-04-01 07:00:00',1,15,13),(156,8,4,450000,'2023-04-01 07:00:00',1,16,13),(157,8,4,450000,'2023-04-01 07:00:00',1,17,13),(158,8,4,450000,'2023-04-01 07:00:00',1,18,13),(159,8,4,450000,'2023-04-01 07:00:00',1,19,13),(160,8,4,450000,'2023-04-01 07:00:00',1,20,13),(161,9,5,450000,'2023-04-01 07:00:00',1,1,14),(162,9,5,450000,'2023-04-01 07:00:00',1,2,14),(163,9,5,450000,'2023-04-01 07:00:00',1,3,14),(164,9,5,450000,'2023-04-01 07:00:00',1,4,14),(165,9,5,450000,'2023-04-01 07:00:00',1,5,14),(166,9,5,450000,'2023-04-01 07:00:00',1,6,14),(167,9,5,450000,'2023-04-01 07:00:00',1,7,14),(168,9,5,450000,'2023-04-01 07:00:00',1,8,14),(169,9,5,450000,'2023-04-01 07:00:00',1,9,14),(170,9,5,450000,'2023-04-01 07:00:00',1,10,14),(171,9,5,450000,'2023-04-01 07:00:00',1,11,14),(172,9,5,450000,'2023-04-01 07:00:00',1,12,14),(173,9,5,450000,'2023-04-01 07:00:00',1,13,14),(174,9,5,450000,'2023-04-01 07:00:00',1,14,14),(175,9,5,450000,'2023-04-01 07:00:00',1,15,14),(176,9,5,450000,'2023-04-01 07:00:00',1,16,14),(177,9,5,450000,'2023-04-01 07:00:00',1,17,14),(178,9,5,450000,'2023-04-01 07:00:00',1,18,14),(179,9,5,450000,'2023-04-01 07:00:00',1,19,14),(180,9,5,450000,'2023-04-01 07:00:00',1,20,14),(181,10,5,450000,'2023-04-01 07:00:00',1,1,15),(182,10,5,450000,'2023-04-01 07:00:00',1,2,15),(183,10,5,450000,'2023-04-01 07:00:00',1,3,15),(184,10,5,450000,'2023-04-01 07:00:00',1,4,15),(185,10,5,450000,'2023-04-01 07:00:00',1,5,15),(186,10,5,450000,'2023-04-01 07:00:00',1,6,15),(187,10,5,450000,'2023-04-01 07:00:00',1,7,15),(188,10,5,450000,'2023-04-01 07:00:00',1,8,15),(189,10,5,450000,'2023-04-01 07:00:00',1,9,15),(190,10,5,450000,'2023-04-01 07:00:00',1,10,15),(191,10,5,450000,'2023-04-01 07:00:00',1,11,15),(192,10,5,450000,'2023-04-01 07:00:00',1,12,15),(193,10,5,450000,'2023-04-01 07:00:00',1,13,15),(194,10,5,450000,'2023-04-01 07:00:00',1,14,15),(195,10,5,450000,'2023-04-01 07:00:00',1,15,15),(196,10,5,450000,'2023-04-01 07:00:00',1,16,15),(197,10,5,450000,'2023-04-01 07:00:00',1,17,15),(198,10,5,450000,'2023-04-01 07:00:00',1,18,15),(199,10,5,450000,'2023-04-01 07:00:00',1,19,15),(200,10,5,450000,'2023-04-01 07:00:00',1,20,15),(201,1,6,450000,'2023-04-01 19:00:00',1,1,6),(202,1,6,450000,'2023-04-01 19:00:00',1,2,6),(203,1,6,450000,'2023-04-01 19:00:00',1,3,6),(204,1,6,450000,'2023-04-01 19:00:00',1,4,6),(205,1,6,450000,'2023-04-01 19:00:00',1,5,6),(206,1,6,450000,'2023-04-01 19:00:00',1,6,6),(207,1,6,450000,'2023-04-01 19:00:00',1,7,6),(208,1,6,450000,'2023-04-01 19:00:00',1,8,6),(209,1,6,450000,'2023-04-01 19:00:00',1,9,6),(210,1,6,450000,'2023-04-01 19:00:00',1,10,6),(211,1,6,450000,'2023-04-01 19:00:00',1,11,6),(212,1,6,450000,'2023-04-01 19:00:00',1,12,6),(213,1,6,450000,'2023-04-01 19:00:00',1,13,6),(214,1,6,450000,'2023-04-01 19:00:00',1,14,6),(215,1,6,450000,'2023-04-01 19:00:00',1,15,6),(216,1,6,450000,'2023-04-01 19:00:00',1,16,6),(217,1,6,450000,'2023-04-01 19:00:00',1,17,6),(218,1,6,450000,'2023-04-01 19:00:00',1,18,6),(219,1,6,450000,'2023-04-01 19:00:00',1,19,6),(220,1,6,450000,'2023-04-01 19:00:00',1,20,6),(221,2,6,450000,'2023-04-01 19:00:00',1,1,7),(222,2,6,450000,'2023-04-01 19:00:00',1,2,7),(223,2,6,450000,'2023-04-01 19:00:00',1,3,7),(224,2,6,450000,'2023-04-01 19:00:00',1,4,7),(225,2,6,450000,'2023-04-01 19:00:00',1,5,7),(226,2,6,450000,'2023-04-01 19:00:00',1,6,7),(227,2,6,450000,'2023-04-01 19:00:00',1,7,7),(228,2,6,450000,'2023-04-01 19:00:00',1,8,7),(229,2,6,450000,'2023-04-01 19:00:00',1,9,7),(230,2,6,450000,'2023-04-01 19:00:00',1,10,7),(231,2,6,450000,'2023-04-01 19:00:00',1,11,7),(232,2,6,450000,'2023-04-01 19:00:00',1,12,7),(233,2,6,450000,'2023-04-01 19:00:00',1,13,7),(234,2,6,450000,'2023-04-01 19:00:00',1,14,7),(235,2,6,450000,'2023-04-01 19:00:00',1,15,7),(236,2,6,450000,'2023-04-01 19:00:00',1,16,7),(237,2,6,450000,'2023-04-01 19:00:00',1,17,7),(238,2,6,450000,'2023-04-01 19:00:00',1,18,7),(239,2,6,450000,'2023-04-01 19:00:00',1,19,7),(240,2,6,450000,'2023-04-01 19:00:00',1,20,7),(241,3,7,450000,'2023-04-01 19:00:00',1,1,8),(242,3,7,450000,'2023-04-01 19:00:00',1,2,8),(243,3,7,450000,'2023-04-01 19:00:00',1,3,8),(244,3,7,450000,'2023-04-01 19:00:00',1,4,8),(245,3,7,450000,'2023-04-01 19:00:00',1,5,8),(246,3,7,450000,'2023-04-01 19:00:00',1,6,8),(247,3,7,450000,'2023-04-01 19:00:00',1,7,8),(248,3,7,450000,'2023-04-01 19:00:00',1,8,8),(249,3,7,450000,'2023-04-01 19:00:00',1,9,8),(250,3,7,450000,'2023-04-01 19:00:00',1,10,8),(251,3,7,450000,'2023-04-01 19:00:00',1,11,8),(252,3,7,450000,'2023-04-01 19:00:00',1,12,8),(253,3,7,450000,'2023-04-01 19:00:00',1,13,8),(254,3,7,450000,'2023-04-01 19:00:00',1,14,8),(255,3,7,450000,'2023-04-01 19:00:00',1,15,8),(256,3,7,450000,'2023-04-01 19:00:00',1,16,8),(257,3,7,450000,'2023-04-01 19:00:00',1,17,8),(258,3,7,450000,'2023-04-01 19:00:00',1,18,8),(259,3,7,450000,'2023-04-01 19:00:00',1,19,8),(260,3,7,450000,'2023-04-01 19:00:00',1,20,8),(261,4,7,450000,'2023-04-01 19:00:00',1,1,9),(262,4,7,450000,'2023-04-01 19:00:00',1,2,9),(263,4,7,450000,'2023-04-01 19:00:00',1,3,9),(264,4,7,450000,'2023-04-01 19:00:00',1,4,9),(265,4,7,450000,'2023-04-01 19:00:00',1,5,9),(266,4,7,450000,'2023-04-01 19:00:00',1,6,9),(267,4,7,450000,'2023-04-01 19:00:00',1,7,9),(268,4,7,450000,'2023-04-01 19:00:00',1,8,9),(269,4,7,450000,'2023-04-01 19:00:00',1,9,9),(270,4,7,450000,'2023-04-01 19:00:00',1,10,9),(271,4,7,450000,'2023-04-01 19:00:00',1,11,9),(272,4,7,450000,'2023-04-01 19:00:00',1,12,9),(273,4,7,450000,'2023-04-01 19:00:00',1,13,9),(274,4,7,450000,'2023-04-01 19:00:00',1,14,9),(275,4,7,450000,'2023-04-01 19:00:00',1,15,9),(276,4,7,450000,'2023-04-01 19:00:00',1,16,9),(277,4,7,450000,'2023-04-01 19:00:00',1,17,9),(278,4,7,450000,'2023-04-01 19:00:00',1,18,9),(279,4,7,450000,'2023-04-01 19:00:00',1,19,9),(280,4,7,450000,'2023-04-01 19:00:00',1,20,9),(281,5,8,450000,'2023-04-01 19:00:00',1,1,10),(282,5,8,450000,'2023-04-01 19:00:00',1,2,10),(283,5,8,450000,'2023-04-01 19:00:00',1,3,10),(284,5,8,450000,'2023-04-01 19:00:00',1,4,10),(285,5,8,450000,'2023-04-01 19:00:00',1,5,10),(286,5,8,450000,'2023-04-01 19:00:00',1,6,10),(287,5,8,450000,'2023-04-01 19:00:00',1,7,10),(288,5,8,450000,'2023-04-01 19:00:00',1,8,10),(289,5,8,450000,'2023-04-01 19:00:00',1,9,10),(290,5,8,450000,'2023-04-01 19:00:00',1,10,10),(291,5,8,450000,'2023-04-01 19:00:00',1,11,10),(292,5,8,450000,'2023-04-01 19:00:00',1,12,10),(293,5,8,450000,'2023-04-01 19:00:00',1,13,10),(294,5,8,450000,'2023-04-01 19:00:00',1,14,10),(295,5,8,450000,'2023-04-01 19:00:00',1,15,10),(296,5,8,450000,'2023-04-01 19:00:00',1,16,10),(297,5,8,450000,'2023-04-01 19:00:00',1,17,10),(298,5,8,450000,'2023-04-01 19:00:00',1,18,10),(299,5,8,450000,'2023-04-01 19:00:00',1,19,10),(300,5,8,450000,'2023-04-01 19:00:00',1,20,10),(301,6,8,450000,'2023-04-01 19:00:00',1,1,11),(302,6,8,450000,'2023-04-01 19:00:00',1,2,11),(303,6,8,450000,'2023-04-01 19:00:00',1,3,11),(304,6,8,450000,'2023-04-01 19:00:00',1,4,11),(305,6,8,450000,'2023-04-01 19:00:00',1,5,11),(306,6,8,450000,'2023-04-01 19:00:00',1,6,11),(307,6,8,450000,'2023-04-01 19:00:00',1,7,11),(308,6,8,450000,'2023-04-01 19:00:00',1,8,11),(309,6,8,450000,'2023-04-01 19:00:00',1,9,11),(310,6,8,450000,'2023-04-01 19:00:00',1,10,11),(311,6,8,450000,'2023-04-01 19:00:00',1,11,11),(312,6,8,450000,'2023-04-01 19:00:00',1,12,11),(313,6,8,450000,'2023-04-01 19:00:00',1,13,11),(314,6,8,450000,'2023-04-01 19:00:00',1,14,11),(315,6,8,450000,'2023-04-01 19:00:00',1,15,11),(316,6,8,450000,'2023-04-01 19:00:00',1,16,11),(317,6,8,450000,'2023-04-01 19:00:00',1,17,11),(318,6,8,450000,'2023-04-01 19:00:00',1,18,11),(319,6,8,450000,'2023-04-01 19:00:00',1,19,11),(320,6,8,450000,'2023-04-01 19:00:00',1,20,11),(321,7,9,450000,'2023-04-01 19:00:00',1,1,12),(322,7,9,450000,'2023-04-01 19:00:00',1,2,12),(323,7,9,450000,'2023-04-01 19:00:00',1,3,12),(324,7,9,450000,'2023-04-01 19:00:00',1,4,12),(325,7,9,450000,'2023-04-01 19:00:00',1,5,12),(326,7,9,450000,'2023-04-01 19:00:00',1,6,12),(327,7,9,450000,'2023-04-01 19:00:00',1,7,12),(328,7,9,450000,'2023-04-01 19:00:00',1,8,12),(329,7,9,450000,'2023-04-01 19:00:00',1,9,12),(330,7,9,450000,'2023-04-01 19:00:00',1,10,12),(331,7,9,450000,'2023-04-01 19:00:00',1,11,12),(332,7,9,450000,'2023-04-01 19:00:00',1,12,12),(333,7,9,450000,'2023-04-01 19:00:00',1,13,12),(334,7,9,450000,'2023-04-01 19:00:00',1,14,12),(335,7,9,450000,'2023-04-01 19:00:00',1,15,12),(336,7,9,450000,'2023-04-01 19:00:00',1,16,12),(337,7,9,450000,'2023-04-01 19:00:00',1,17,12),(338,7,9,450000,'2023-04-01 19:00:00',1,18,12),(339,7,9,450000,'2023-04-01 19:00:00',1,19,12),(340,7,9,450000,'2023-04-01 19:00:00',1,20,12),(341,8,9,450000,'2023-04-01 19:00:00',1,1,13),(342,8,9,450000,'2023-04-01 19:00:00',1,2,13),(343,8,9,450000,'2023-04-01 19:00:00',1,3,13),(344,8,9,450000,'2023-04-01 19:00:00',1,4,13),(345,8,9,450000,'2023-04-01 19:00:00',1,5,13),(346,8,9,450000,'2023-04-01 19:00:00',1,6,13),(347,8,9,450000,'2023-04-01 19:00:00',1,7,13),(348,8,9,450000,'2023-04-01 19:00:00',1,8,13),(349,8,9,450000,'2023-04-01 19:00:00',1,9,13),(350,8,9,450000,'2023-04-01 19:00:00',1,10,13),(351,8,9,450000,'2023-04-01 19:00:00',1,11,13),(352,8,9,450000,'2023-04-01 19:00:00',1,12,13),(353,8,9,450000,'2023-04-01 19:00:00',1,13,13),(354,8,9,450000,'2023-04-01 19:00:00',1,14,13),(355,8,9,450000,'2023-04-01 19:00:00',1,15,13),(356,8,9,450000,'2023-04-01 19:00:00',1,16,13),(357,8,9,450000,'2023-04-01 19:00:00',1,17,13),(358,8,9,450000,'2023-04-01 19:00:00',1,18,13),(359,8,9,450000,'2023-04-01 19:00:00',1,19,13),(360,8,9,450000,'2023-04-01 19:00:00',1,20,13),(361,9,10,450000,'2023-04-01 19:00:00',1,1,14),(362,9,10,450000,'2023-04-01 19:00:00',1,2,14),(363,9,10,450000,'2023-04-01 19:00:00',1,3,14),(364,9,10,450000,'2023-04-01 19:00:00',1,4,14),(365,9,10,450000,'2023-04-01 19:00:00',1,5,14),(366,9,10,450000,'2023-04-01 19:00:00',1,6,14),(367,9,10,450000,'2023-04-01 19:00:00',1,7,14),(368,9,10,450000,'2023-04-01 19:00:00',1,8,14),(369,9,10,450000,'2023-04-01 19:00:00',1,9,14),(370,9,10,450000,'2023-04-01 19:00:00',1,10,14),(371,9,10,450000,'2023-04-01 19:00:00',1,11,14),(372,9,10,450000,'2023-04-01 19:00:00',1,12,14),(373,9,10,450000,'2023-04-01 19:00:00',1,13,14),(374,9,10,450000,'2023-04-01 19:00:00',1,14,14),(375,9,10,450000,'2023-04-01 19:00:00',1,15,14),(376,9,10,450000,'2023-04-01 19:00:00',1,16,14),(377,9,10,450000,'2023-04-01 19:00:00',1,17,14),(378,9,10,450000,'2023-04-01 19:00:00',1,18,14),(379,9,10,450000,'2023-04-01 19:00:00',1,19,14),(380,9,10,450000,'2023-04-01 19:00:00',1,20,14),(381,10,10,450000,'2023-04-01 19:00:00',1,1,15),(382,10,10,450000,'2023-04-01 19:00:00',1,2,15),(383,10,10,450000,'2023-04-01 19:00:00',1,3,15),(384,10,10,450000,'2023-04-01 19:00:00',1,4,15),(385,10,10,450000,'2023-04-01 19:00:00',1,5,15),(386,10,10,450000,'2023-04-01 19:00:00',1,6,15),(387,10,10,450000,'2023-04-01 19:00:00',1,7,15),(388,10,10,450000,'2023-04-01 19:00:00',1,8,15),(389,10,10,450000,'2023-04-01 19:00:00',1,9,15),(390,10,10,450000,'2023-04-01 19:00:00',1,10,15),(391,10,10,450000,'2023-04-01 19:00:00',1,11,15),(392,10,10,450000,'2023-04-01 19:00:00',1,12,15),(393,10,10,450000,'2023-04-01 19:00:00',1,13,15),(394,10,10,450000,'2023-04-01 19:00:00',1,14,15),(395,10,10,450000,'2023-04-01 19:00:00',1,15,15),(396,10,10,450000,'2023-04-01 19:00:00',1,16,15),(397,10,10,450000,'2023-04-01 19:00:00',1,17,15),(398,10,10,450000,'2023-04-01 19:00:00',1,18,15),(399,10,10,450000,'2023-04-01 19:00:00',1,19,15),(400,10,10,450000,'2023-04-01 19:00:00',1,20,15),(401,1,1,450000,'2023-04-02 07:00:00',1,1,6),(402,1,1,450000,'2023-04-02 07:00:00',1,2,6),(403,1,1,450000,'2023-04-02 07:00:00',1,3,6),(404,1,1,450000,'2023-04-02 07:00:00',1,4,6),(405,1,1,450000,'2023-04-02 07:00:00',1,5,6),(406,1,1,450000,'2023-04-02 07:00:00',1,6,6),(407,1,1,450000,'2023-04-02 07:00:00',1,7,6),(408,1,1,450000,'2023-04-02 07:00:00',1,8,6),(409,1,1,450000,'2023-04-02 07:00:00',1,9,6),(410,1,1,450000,'2023-04-02 07:00:00',1,10,6),(411,1,1,450000,'2023-04-02 07:00:00',1,11,6),(412,1,1,450000,'2023-04-02 07:00:00',1,12,6),(413,1,1,450000,'2023-04-02 07:00:00',1,13,6),(414,1,1,450000,'2023-04-02 07:00:00',1,14,6),(415,1,1,450000,'2023-04-02 07:00:00',1,15,6),(416,1,1,450000,'2023-04-02 07:00:00',1,16,6),(417,1,1,450000,'2023-04-02 07:00:00',1,17,6),(418,1,1,450000,'2023-04-02 07:00:00',1,18,6),(419,1,1,450000,'2023-04-02 07:00:00',1,19,6),(420,1,1,450000,'2023-04-02 07:00:00',1,20,6),(421,2,1,450000,'2023-04-02 07:00:00',1,1,7),(422,2,1,450000,'2023-04-02 07:00:00',1,2,7),(423,2,1,450000,'2023-04-02 07:00:00',1,3,7),(424,2,1,450000,'2023-04-02 07:00:00',1,4,7),(425,2,1,450000,'2023-04-02 07:00:00',1,5,7),(426,2,1,450000,'2023-04-02 07:00:00',1,6,7),(427,2,1,450000,'2023-04-02 07:00:00',1,7,7),(428,2,1,450000,'2023-04-02 07:00:00',1,8,7),(429,2,1,450000,'2023-04-02 07:00:00',1,9,7),(430,2,1,450000,'2023-04-02 07:00:00',1,10,7),(431,2,1,450000,'2023-04-02 07:00:00',1,11,7),(432,2,1,450000,'2023-04-02 07:00:00',1,12,7),(433,2,1,450000,'2023-04-02 07:00:00',1,13,7),(434,2,1,450000,'2023-04-02 07:00:00',1,14,7),(435,2,1,450000,'2023-04-02 07:00:00',1,15,7),(436,2,1,450000,'2023-04-02 07:00:00',1,16,7),(437,2,1,450000,'2023-04-02 07:00:00',1,17,7),(438,2,1,450000,'2023-04-02 07:00:00',1,18,7),(439,2,1,450000,'2023-04-02 07:00:00',1,19,7),(440,2,1,450000,'2023-04-02 07:00:00',1,20,7),(441,3,2,450000,'2023-04-02 07:00:00',1,1,8),(442,3,2,450000,'2023-04-02 07:00:00',1,2,8),(443,3,2,450000,'2023-04-02 07:00:00',1,3,8),(444,3,2,450000,'2023-04-02 07:00:00',1,4,8),(445,3,2,450000,'2023-04-02 07:00:00',1,5,8),(446,3,2,450000,'2023-04-02 07:00:00',1,6,8),(447,3,2,450000,'2023-04-02 07:00:00',1,7,8),(448,3,2,450000,'2023-04-02 07:00:00',1,8,8),(449,3,2,450000,'2023-04-02 07:00:00',1,9,8),(450,3,2,450000,'2023-04-02 07:00:00',1,10,8),(451,3,2,450000,'2023-04-02 07:00:00',1,11,8),(452,3,2,450000,'2023-04-02 07:00:00',1,12,8),(453,3,2,450000,'2023-04-02 07:00:00',1,13,8),(454,3,2,450000,'2023-04-02 07:00:00',1,14,8),(455,3,2,450000,'2023-04-02 07:00:00',1,15,8),(456,3,2,450000,'2023-04-02 07:00:00',1,16,8),(457,3,2,450000,'2023-04-02 07:00:00',1,17,8),(458,3,2,450000,'2023-04-02 07:00:00',1,18,8),(459,3,2,450000,'2023-04-02 07:00:00',1,19,8),(460,3,2,450000,'2023-04-02 07:00:00',1,20,8),(461,4,2,450000,'2023-04-02 07:00:00',1,1,9),(462,4,2,450000,'2023-04-02 07:00:00',1,2,9),(463,4,2,450000,'2023-04-02 07:00:00',1,3,9),(464,4,2,450000,'2023-04-02 07:00:00',1,4,9),(465,4,2,450000,'2023-04-02 07:00:00',1,5,9),(466,4,2,450000,'2023-04-02 07:00:00',1,6,9),(467,4,2,450000,'2023-04-02 07:00:00',1,7,9),(468,4,2,450000,'2023-04-02 07:00:00',1,8,9),(469,4,2,450000,'2023-04-02 07:00:00',1,9,9),(470,4,2,450000,'2023-04-02 07:00:00',1,10,9),(471,4,2,450000,'2023-04-02 07:00:00',1,11,9),(472,4,2,450000,'2023-04-02 07:00:00',1,12,9),(473,4,2,450000,'2023-04-02 07:00:00',1,13,9),(474,4,2,450000,'2023-04-02 07:00:00',1,14,9),(475,4,2,450000,'2023-04-02 07:00:00',1,15,9),(476,4,2,450000,'2023-04-02 07:00:00',1,16,9),(477,4,2,450000,'2023-04-02 07:00:00',1,17,9),(478,4,2,450000,'2023-04-02 07:00:00',1,18,9),(479,4,2,450000,'2023-04-02 07:00:00',1,19,9),(480,4,2,450000,'2023-04-02 07:00:00',1,20,9),(481,5,3,450000,'2023-04-02 07:00:00',1,1,10),(482,5,3,450000,'2023-04-02 07:00:00',1,2,10),(483,5,3,450000,'2023-04-02 07:00:00',1,3,10),(484,5,3,450000,'2023-04-02 07:00:00',1,4,10),(485,5,3,450000,'2023-04-02 07:00:00',1,5,10),(486,5,3,450000,'2023-04-02 07:00:00',1,6,10),(487,5,3,450000,'2023-04-02 07:00:00',1,7,10),(488,5,3,450000,'2023-04-02 07:00:00',1,8,10),(489,5,3,450000,'2023-04-02 07:00:00',1,9,10),(490,5,3,450000,'2023-04-02 07:00:00',1,10,10),(491,5,3,450000,'2023-04-02 07:00:00',1,11,10),(492,5,3,450000,'2023-04-02 07:00:00',1,12,10),(493,5,3,450000,'2023-04-02 07:00:00',1,13,10),(494,5,3,450000,'2023-04-02 07:00:00',1,14,10),(495,5,3,450000,'2023-04-02 07:00:00',1,15,10),(496,5,3,450000,'2023-04-02 07:00:00',1,16,10),(497,5,3,450000,'2023-04-02 07:00:00',1,17,10),(498,5,3,450000,'2023-04-02 07:00:00',1,18,10),(499,5,3,450000,'2023-04-02 07:00:00',1,19,10),(500,5,3,450000,'2023-04-02 07:00:00',1,20,10),(501,6,3,450000,'2023-04-02 07:00:00',1,1,11),(502,6,3,450000,'2023-04-02 07:00:00',1,2,11),(503,6,3,450000,'2023-04-02 07:00:00',1,3,11),(504,6,3,450000,'2023-04-02 07:00:00',1,4,11),(505,6,3,450000,'2023-04-02 07:00:00',1,5,11),(506,6,3,450000,'2023-04-02 07:00:00',1,6,11),(507,6,3,450000,'2023-04-02 07:00:00',1,7,11),(508,6,3,450000,'2023-04-02 07:00:00',1,8,11),(509,6,3,450000,'2023-04-02 07:00:00',1,9,11),(510,6,3,450000,'2023-04-02 07:00:00',1,10,11),(511,6,3,450000,'2023-04-02 07:00:00',1,11,11),(512,6,3,450000,'2023-04-02 07:00:00',1,12,11),(513,6,3,450000,'2023-04-02 07:00:00',1,13,11),(514,6,3,450000,'2023-04-02 07:00:00',1,14,11),(515,6,3,450000,'2023-04-02 07:00:00',1,15,11),(516,6,3,450000,'2023-04-02 07:00:00',1,16,11),(517,6,3,450000,'2023-04-02 07:00:00',1,17,11),(518,6,3,450000,'2023-04-02 07:00:00',1,18,11),(519,6,3,450000,'2023-04-02 07:00:00',1,19,11),(520,6,3,450000,'2023-04-02 07:00:00',1,20,11),(521,7,4,450000,'2023-04-02 07:00:00',1,1,12),(522,7,4,450000,'2023-04-02 07:00:00',1,2,12),(523,7,4,450000,'2023-04-02 07:00:00',1,3,12),(524,7,4,450000,'2023-04-02 07:00:00',1,4,12),(525,7,4,450000,'2023-04-02 07:00:00',1,5,12),(526,7,4,450000,'2023-04-02 07:00:00',1,6,12),(527,7,4,450000,'2023-04-02 07:00:00',1,7,12),(528,7,4,450000,'2023-04-02 07:00:00',1,8,12),(529,7,4,450000,'2023-04-02 07:00:00',1,9,12),(530,7,4,450000,'2023-04-02 07:00:00',1,10,12),(531,7,4,450000,'2023-04-02 07:00:00',1,11,12),(532,7,4,450000,'2023-04-02 07:00:00',1,12,12),(533,7,4,450000,'2023-04-02 07:00:00',1,13,12),(534,7,4,450000,'2023-04-02 07:00:00',1,14,12),(535,7,4,450000,'2023-04-02 07:00:00',1,15,12),(536,7,4,450000,'2023-04-02 07:00:00',1,16,12),(537,7,4,450000,'2023-04-02 07:00:00',1,17,12),(538,7,4,450000,'2023-04-02 07:00:00',1,18,12),(539,7,4,450000,'2023-04-02 07:00:00',1,19,12),(540,7,4,450000,'2023-04-02 07:00:00',1,20,12),(541,8,4,450000,'2023-04-02 07:00:00',1,1,13),(542,8,4,450000,'2023-04-02 07:00:00',1,2,13),(543,8,4,450000,'2023-04-02 07:00:00',1,3,13),(544,8,4,450000,'2023-04-02 07:00:00',1,4,13),(545,8,4,450000,'2023-04-02 07:00:00',1,5,13),(546,8,4,450000,'2023-04-02 07:00:00',1,6,13),(547,8,4,450000,'2023-04-02 07:00:00',1,7,13),(548,8,4,450000,'2023-04-02 07:00:00',1,8,13),(549,8,4,450000,'2023-04-02 07:00:00',1,9,13),(550,8,4,450000,'2023-04-02 07:00:00',1,10,13),(551,8,4,450000,'2023-04-02 07:00:00',1,11,13),(552,8,4,450000,'2023-04-02 07:00:00',1,12,13),(553,8,4,450000,'2023-04-02 07:00:00',1,13,13),(554,8,4,450000,'2023-04-02 07:00:00',1,14,13),(555,8,4,450000,'2023-04-02 07:00:00',1,15,13),(556,8,4,450000,'2023-04-02 07:00:00',1,16,13),(557,8,4,450000,'2023-04-02 07:00:00',1,17,13),(558,8,4,450000,'2023-04-02 07:00:00',1,18,13),(559,8,4,450000,'2023-04-02 07:00:00',1,19,13),(560,8,4,450000,'2023-04-02 07:00:00',1,20,13),(561,9,5,450000,'2023-04-02 07:00:00',1,1,14),(562,9,5,450000,'2023-04-02 07:00:00',1,2,14),(563,9,5,450000,'2023-04-02 07:00:00',1,3,14),(564,9,5,450000,'2023-04-02 07:00:00',1,4,14),(565,9,5,450000,'2023-04-02 07:00:00',1,5,14),(566,9,5,450000,'2023-04-02 07:00:00',1,6,14),(567,9,5,450000,'2023-04-02 07:00:00',1,7,14),(568,9,5,450000,'2023-04-02 07:00:00',1,8,14),(569,9,5,450000,'2023-04-02 07:00:00',1,9,14),(570,9,5,450000,'2023-04-02 07:00:00',1,10,14),(571,9,5,450000,'2023-04-02 07:00:00',1,11,14),(572,9,5,450000,'2023-04-02 07:00:00',1,12,14),(573,9,5,450000,'2023-04-02 07:00:00',1,13,14),(574,9,5,450000,'2023-04-02 07:00:00',1,14,14),(575,9,5,450000,'2023-04-02 07:00:00',1,15,14),(576,9,5,450000,'2023-04-02 07:00:00',1,16,14),(577,9,5,450000,'2023-04-02 07:00:00',1,17,14),(578,9,5,450000,'2023-04-02 07:00:00',1,18,14),(579,9,5,450000,'2023-04-02 07:00:00',1,19,14),(580,9,5,450000,'2023-04-02 07:00:00',1,20,14),(581,10,5,450000,'2023-04-02 07:00:00',1,1,15),(582,10,5,450000,'2023-04-02 07:00:00',1,2,15),(583,10,5,450000,'2023-04-02 07:00:00',1,3,15),(584,10,5,450000,'2023-04-02 07:00:00',1,4,15),(585,10,5,450000,'2023-04-02 07:00:00',1,5,15),(586,10,5,450000,'2023-04-02 07:00:00',1,6,15),(587,10,5,450000,'2023-04-02 07:00:00',1,7,15),(588,10,5,450000,'2023-04-02 07:00:00',1,8,15),(589,10,5,450000,'2023-04-02 07:00:00',1,9,15),(590,10,5,450000,'2023-04-02 07:00:00',1,10,15),(591,10,5,450000,'2023-04-02 07:00:00',1,11,15),(592,10,5,450000,'2023-04-02 07:00:00',1,12,15),(593,10,5,450000,'2023-04-02 07:00:00',1,13,15),(594,10,5,450000,'2023-04-02 07:00:00',1,14,15),(595,10,5,450000,'2023-04-02 07:00:00',1,15,15),(596,10,5,450000,'2023-04-02 07:00:00',1,16,15),(597,10,5,450000,'2023-04-02 07:00:00',1,17,15),(598,10,5,450000,'2023-04-02 07:00:00',1,18,15),(599,10,5,450000,'2023-04-02 07:00:00',1,19,15),(600,10,5,450000,'2023-04-02 07:00:00',1,20,15),(601,1,6,450000,'2023-04-02 19:00:00',1,1,6),(602,1,6,450000,'2023-04-02 19:00:00',1,2,6),(603,1,6,450000,'2023-04-02 19:00:00',1,3,6),(604,1,6,450000,'2023-04-02 19:00:00',1,4,6),(605,1,6,450000,'2023-04-02 19:00:00',1,5,6),(606,1,6,450000,'2023-04-02 19:00:00',1,6,6),(607,1,6,450000,'2023-04-02 19:00:00',1,7,6),(608,1,6,450000,'2023-04-02 19:00:00',1,8,6),(609,1,6,450000,'2023-04-02 19:00:00',1,9,6),(610,1,6,450000,'2023-04-02 19:00:00',1,10,6),(611,1,6,450000,'2023-04-02 19:00:00',1,11,6),(612,1,6,450000,'2023-04-02 19:00:00',1,12,6),(613,1,6,450000,'2023-04-02 19:00:00',1,13,6),(614,1,6,450000,'2023-04-02 19:00:00',1,14,6),(615,1,6,450000,'2023-04-02 19:00:00',1,15,6),(616,1,6,450000,'2023-04-02 19:00:00',1,16,6),(617,1,6,450000,'2023-04-02 19:00:00',1,17,6),(618,1,6,450000,'2023-04-02 19:00:00',1,18,6),(619,1,6,450000,'2023-04-02 19:00:00',1,19,6),(620,1,6,450000,'2023-04-02 19:00:00',1,20,6),(621,2,6,450000,'2023-04-02 19:00:00',1,1,7),(622,2,6,450000,'2023-04-02 19:00:00',1,2,7),(623,2,6,450000,'2023-04-02 19:00:00',1,3,7),(624,2,6,450000,'2023-04-02 19:00:00',1,4,7),(625,2,6,450000,'2023-04-02 19:00:00',1,5,7),(626,2,6,450000,'2023-04-02 19:00:00',1,6,7),(627,2,6,450000,'2023-04-02 19:00:00',1,7,7),(628,2,6,450000,'2023-04-02 19:00:00',1,8,7),(629,2,6,450000,'2023-04-02 19:00:00',1,9,7),(630,2,6,450000,'2023-04-02 19:00:00',1,10,7),(631,2,6,450000,'2023-04-02 19:00:00',1,11,7),(632,2,6,450000,'2023-04-02 19:00:00',1,12,7),(633,2,6,450000,'2023-04-02 19:00:00',1,13,7),(634,2,6,450000,'2023-04-02 19:00:00',1,14,7),(635,2,6,450000,'2023-04-02 19:00:00',1,15,7),(636,2,6,450000,'2023-04-02 19:00:00',1,16,7),(637,2,6,450000,'2023-04-02 19:00:00',1,17,7),(638,2,6,450000,'2023-04-02 19:00:00',1,18,7),(639,2,6,450000,'2023-04-02 19:00:00',1,19,7),(640,2,6,450000,'2023-04-02 19:00:00',1,20,7),(641,3,7,450000,'2023-04-02 19:00:00',1,1,8),(642,3,7,450000,'2023-04-02 19:00:00',1,2,8),(643,3,7,450000,'2023-04-02 19:00:00',1,3,8),(644,3,7,450000,'2023-04-02 19:00:00',1,4,8),(645,3,7,450000,'2023-04-02 19:00:00',1,5,8),(646,3,7,450000,'2023-04-02 19:00:00',1,6,8),(647,3,7,450000,'2023-04-02 19:00:00',1,7,8),(648,3,7,450000,'2023-04-02 19:00:00',1,8,8),(649,3,7,450000,'2023-04-02 19:00:00',1,9,8),(650,3,7,450000,'2023-04-02 19:00:00',1,10,8),(651,3,7,450000,'2023-04-02 19:00:00',1,11,8),(652,3,7,450000,'2023-04-02 19:00:00',1,12,8),(653,3,7,450000,'2023-04-02 19:00:00',1,13,8),(654,3,7,450000,'2023-04-02 19:00:00',1,14,8),(655,3,7,450000,'2023-04-02 19:00:00',1,15,8),(656,3,7,450000,'2023-04-02 19:00:00',1,16,8),(657,3,7,450000,'2023-04-02 19:00:00',1,17,8),(658,3,7,450000,'2023-04-02 19:00:00',1,18,8),(659,3,7,450000,'2023-04-02 19:00:00',1,19,8),(660,3,7,450000,'2023-04-02 19:00:00',1,20,8),(661,4,7,450000,'2023-04-02 19:00:00',1,1,9),(662,4,7,450000,'2023-04-02 19:00:00',1,2,9),(663,4,7,450000,'2023-04-02 19:00:00',1,3,9),(664,4,7,450000,'2023-04-02 19:00:00',1,4,9),(665,4,7,450000,'2023-04-02 19:00:00',1,5,9),(666,4,7,450000,'2023-04-02 19:00:00',1,6,9),(667,4,7,450000,'2023-04-02 19:00:00',1,7,9),(668,4,7,450000,'2023-04-02 19:00:00',1,8,9),(669,4,7,450000,'2023-04-02 19:00:00',1,9,9),(670,4,7,450000,'2023-04-02 19:00:00',1,10,9),(671,4,7,450000,'2023-04-02 19:00:00',1,11,9),(672,4,7,450000,'2023-04-02 19:00:00',1,12,9),(673,4,7,450000,'2023-04-02 19:00:00',1,13,9),(674,4,7,450000,'2023-04-02 19:00:00',1,14,9),(675,4,7,450000,'2023-04-02 19:00:00',1,15,9),(676,4,7,450000,'2023-04-02 19:00:00',1,16,9),(677,4,7,450000,'2023-04-02 19:00:00',1,17,9),(678,4,7,450000,'2023-04-02 19:00:00',1,18,9),(679,4,7,450000,'2023-04-02 19:00:00',1,19,9),(680,4,7,450000,'2023-04-02 19:00:00',1,20,9),(681,5,8,450000,'2023-04-02 19:00:00',1,1,10),(682,5,8,450000,'2023-04-02 19:00:00',1,2,10),(683,5,8,450000,'2023-04-02 19:00:00',1,3,10),(684,5,8,450000,'2023-04-02 19:00:00',1,4,10),(685,5,8,450000,'2023-04-02 19:00:00',1,5,10),(686,5,8,450000,'2023-04-02 19:00:00',1,6,10),(687,5,8,450000,'2023-04-02 19:00:00',1,7,10),(688,5,8,450000,'2023-04-02 19:00:00',1,8,10),(689,5,8,450000,'2023-04-02 19:00:00',1,9,10),(690,5,8,450000,'2023-04-02 19:00:00',1,10,10),(691,5,8,450000,'2023-04-02 19:00:00',1,11,10),(692,5,8,450000,'2023-04-02 19:00:00',1,12,10),(693,5,8,450000,'2023-04-02 19:00:00',1,13,10),(694,5,8,450000,'2023-04-02 19:00:00',1,14,10),(695,5,8,450000,'2023-04-02 19:00:00',1,15,10),(696,5,8,450000,'2023-04-02 19:00:00',1,16,10),(697,5,8,450000,'2023-04-02 19:00:00',1,17,10),(698,5,8,450000,'2023-04-02 19:00:00',1,18,10),(699,5,8,450000,'2023-04-02 19:00:00',1,19,10),(700,5,8,450000,'2023-04-02 19:00:00',1,20,10),(701,6,8,450000,'2023-04-02 19:00:00',1,1,11),(702,6,8,450000,'2023-04-02 19:00:00',1,2,11),(703,6,8,450000,'2023-04-02 19:00:00',1,3,11),(704,6,8,450000,'2023-04-02 19:00:00',1,4,11),(705,6,8,450000,'2023-04-02 19:00:00',1,5,11),(706,6,8,450000,'2023-04-02 19:00:00',1,6,11),(707,6,8,450000,'2023-04-02 19:00:00',1,7,11),(708,6,8,450000,'2023-04-02 19:00:00',1,8,11),(709,6,8,450000,'2023-04-02 19:00:00',1,9,11),(710,6,8,450000,'2023-04-02 19:00:00',1,10,11),(711,6,8,450000,'2023-04-02 19:00:00',1,11,11),(712,6,8,450000,'2023-04-02 19:00:00',1,12,11),(713,6,8,450000,'2023-04-02 19:00:00',1,13,11),(714,6,8,450000,'2023-04-02 19:00:00',1,14,11),(715,6,8,450000,'2023-04-02 19:00:00',1,15,11),(716,6,8,450000,'2023-04-02 19:00:00',1,16,11),(717,6,8,450000,'2023-04-02 19:00:00',1,17,11),(718,6,8,450000,'2023-04-02 19:00:00',1,18,11),(719,6,8,450000,'2023-04-02 19:00:00',1,19,11),(720,6,8,450000,'2023-04-02 19:00:00',1,20,11),(721,7,9,450000,'2023-04-02 19:00:00',1,1,12),(722,7,9,450000,'2023-04-02 19:00:00',1,2,12),(723,7,9,450000,'2023-04-02 19:00:00',1,3,12),(724,7,9,450000,'2023-04-02 19:00:00',1,4,12),(725,7,9,450000,'2023-04-02 19:00:00',1,5,12),(726,7,9,450000,'2023-04-02 19:00:00',1,6,12),(727,7,9,450000,'2023-04-02 19:00:00',1,7,12),(728,7,9,450000,'2023-04-02 19:00:00',1,8,12),(729,7,9,450000,'2023-04-02 19:00:00',1,9,12),(730,7,9,450000,'2023-04-02 19:00:00',1,10,12),(731,7,9,450000,'2023-04-02 19:00:00',1,11,12),(732,7,9,450000,'2023-04-02 19:00:00',1,12,12),(733,7,9,450000,'2023-04-02 19:00:00',1,13,12),(734,7,9,450000,'2023-04-02 19:00:00',1,14,12),(735,7,9,450000,'2023-04-02 19:00:00',1,15,12),(736,7,9,450000,'2023-04-02 19:00:00',1,16,12),(737,7,9,450000,'2023-04-02 19:00:00',1,17,12),(738,7,9,450000,'2023-04-02 19:00:00',1,18,12),(739,7,9,450000,'2023-04-02 19:00:00',1,19,12),(740,7,9,450000,'2023-04-02 19:00:00',1,20,12),(741,8,9,450000,'2023-04-02 19:00:00',1,1,13),(742,8,9,450000,'2023-04-02 19:00:00',1,2,13),(743,8,9,450000,'2023-04-02 19:00:00',1,3,13),(744,8,9,450000,'2023-04-02 19:00:00',1,4,13),(745,8,9,450000,'2023-04-02 19:00:00',1,5,13),(746,8,9,450000,'2023-04-02 19:00:00',1,6,13),(747,8,9,450000,'2023-04-02 19:00:00',1,7,13),(748,8,9,450000,'2023-04-02 19:00:00',1,8,13),(749,8,9,450000,'2023-04-02 19:00:00',1,9,13),(750,8,9,450000,'2023-04-02 19:00:00',1,10,13),(751,8,9,450000,'2023-04-02 19:00:00',1,11,13),(752,8,9,450000,'2023-04-02 19:00:00',1,12,13),(753,8,9,450000,'2023-04-02 19:00:00',1,13,13),(754,8,9,450000,'2023-04-02 19:00:00',1,14,13),(755,8,9,450000,'2023-04-02 19:00:00',1,15,13),(756,8,9,450000,'2023-04-02 19:00:00',1,16,13),(757,8,9,450000,'2023-04-02 19:00:00',1,17,13),(758,8,9,450000,'2023-04-02 19:00:00',1,18,13),(759,8,9,450000,'2023-04-02 19:00:00',1,19,13),(760,8,9,450000,'2023-04-02 19:00:00',1,20,13),(761,9,10,450000,'2023-04-02 19:00:00',1,1,14),(762,9,10,450000,'2023-04-02 19:00:00',1,2,14),(763,9,10,450000,'2023-04-02 19:00:00',1,3,14),(764,9,10,450000,'2023-04-02 19:00:00',1,4,14),(765,9,10,450000,'2023-04-02 19:00:00',1,5,14),(766,9,10,450000,'2023-04-02 19:00:00',1,6,14),(767,9,10,450000,'2023-04-02 19:00:00',1,7,14),(768,9,10,450000,'2023-04-02 19:00:00',1,8,14),(769,9,10,450000,'2023-04-02 19:00:00',1,9,14),(770,9,10,450000,'2023-04-02 19:00:00',1,10,14),(771,9,10,450000,'2023-04-02 19:00:00',1,11,14),(772,9,10,450000,'2023-04-02 19:00:00',1,12,14),(773,9,10,450000,'2023-04-02 19:00:00',1,13,14),(774,9,10,450000,'2023-04-02 19:00:00',1,14,14),(775,9,10,450000,'2023-04-02 19:00:00',1,15,14),(776,9,10,450000,'2023-04-02 19:00:00',1,16,14),(777,9,10,450000,'2023-04-02 19:00:00',1,17,14),(778,9,10,450000,'2023-04-02 19:00:00',1,18,14),(779,9,10,450000,'2023-04-02 19:00:00',1,19,14),(780,9,10,450000,'2023-04-02 19:00:00',1,20,14),(781,10,10,450000,'2023-04-02 19:00:00',1,1,15),(782,10,10,450000,'2023-04-02 19:00:00',1,2,15),(783,10,10,450000,'2023-04-02 19:00:00',1,3,15),(784,10,10,450000,'2023-04-02 19:00:00',1,4,15),(785,10,10,450000,'2023-04-02 19:00:00',1,5,15),(786,10,10,450000,'2023-04-02 19:00:00',1,6,15),(787,10,10,450000,'2023-04-02 19:00:00',1,7,15),(788,10,10,450000,'2023-04-02 19:00:00',1,8,15),(789,10,10,450000,'2023-04-02 19:00:00',1,9,15),(790,10,10,450000,'2023-04-02 19:00:00',1,10,15),(791,10,10,450000,'2023-04-02 19:00:00',1,11,15),(792,10,10,450000,'2023-04-02 19:00:00',1,12,15),(793,10,10,450000,'2023-04-02 19:00:00',1,13,15),(794,10,10,450000,'2023-04-02 19:00:00',1,14,15),(795,10,10,450000,'2023-04-02 19:00:00',1,15,15),(796,10,10,450000,'2023-04-02 19:00:00',1,16,15),(797,10,10,450000,'2023-04-02 19:00:00',1,17,15),(798,10,10,450000,'2023-04-02 19:00:00',1,18,15),(799,10,10,450000,'2023-04-02 19:00:00',1,19,15),(800,10,10,450000,'2023-04-02 19:00:00',1,20,15),(801,1,1,450000,'2023-04-03 07:00:00',1,1,6),(802,1,1,450000,'2023-04-03 07:00:00',1,2,6),(803,1,1,450000,'2023-04-03 07:00:00',1,3,6),(804,1,1,450000,'2023-04-03 07:00:00',1,4,6),(805,1,1,450000,'2023-04-03 07:00:00',1,5,6),(806,1,1,450000,'2023-04-03 07:00:00',1,6,6),(807,1,1,450000,'2023-04-03 07:00:00',1,7,6),(808,1,1,450000,'2023-04-03 07:00:00',1,8,6),(809,1,1,450000,'2023-04-03 07:00:00',1,9,6),(810,1,1,450000,'2023-04-03 07:00:00',1,10,6),(811,1,1,450000,'2023-04-03 07:00:00',1,11,6),(812,1,1,450000,'2023-04-03 07:00:00',1,12,6),(813,1,1,450000,'2023-04-03 07:00:00',1,13,6),(814,1,1,450000,'2023-04-03 07:00:00',1,14,6),(815,1,1,450000,'2023-04-03 07:00:00',1,15,6),(816,1,1,450000,'2023-04-03 07:00:00',1,16,6),(817,1,1,450000,'2023-04-03 07:00:00',1,17,6),(818,1,1,450000,'2023-04-03 07:00:00',1,18,6),(819,1,1,450000,'2023-04-03 07:00:00',1,19,6),(820,1,1,450000,'2023-04-03 07:00:00',1,20,6),(821,2,1,450000,'2023-04-03 07:00:00',1,1,7),(822,2,1,450000,'2023-04-03 07:00:00',1,2,7),(823,2,1,450000,'2023-04-03 07:00:00',1,3,7),(824,2,1,450000,'2023-04-03 07:00:00',1,4,7),(825,2,1,450000,'2023-04-03 07:00:00',1,5,7),(826,2,1,450000,'2023-04-03 07:00:00',1,6,7),(827,2,1,450000,'2023-04-03 07:00:00',1,7,7),(828,2,1,450000,'2023-04-03 07:00:00',1,8,7),(829,2,1,450000,'2023-04-03 07:00:00',1,9,7),(830,2,1,450000,'2023-04-03 07:00:00',1,10,7),(831,2,1,450000,'2023-04-03 07:00:00',1,11,7),(832,2,1,450000,'2023-04-03 07:00:00',1,12,7),(833,2,1,450000,'2023-04-03 07:00:00',1,13,7),(834,2,1,450000,'2023-04-03 07:00:00',1,14,7),(835,2,1,450000,'2023-04-03 07:00:00',1,15,7),(836,2,1,450000,'2023-04-03 07:00:00',1,16,7),(837,2,1,450000,'2023-04-03 07:00:00',1,17,7),(838,2,1,450000,'2023-04-03 07:00:00',1,18,7),(839,2,1,450000,'2023-04-03 07:00:00',1,19,7),(840,2,1,450000,'2023-04-03 07:00:00',1,20,7),(841,3,2,450000,'2023-04-03 07:00:00',1,1,8),(842,3,2,450000,'2023-04-03 07:00:00',1,2,8),(843,3,2,450000,'2023-04-03 07:00:00',1,3,8),(844,3,2,450000,'2023-04-03 07:00:00',1,4,8),(845,3,2,450000,'2023-04-03 07:00:00',1,5,8),(846,3,2,450000,'2023-04-03 07:00:00',1,6,8),(847,3,2,450000,'2023-04-03 07:00:00',1,7,8),(848,3,2,450000,'2023-04-03 07:00:00',1,8,8),(849,3,2,450000,'2023-04-03 07:00:00',1,9,8),(850,3,2,450000,'2023-04-03 07:00:00',1,10,8),(851,3,2,450000,'2023-04-03 07:00:00',1,11,8),(852,3,2,450000,'2023-04-03 07:00:00',1,12,8),(853,3,2,450000,'2023-04-03 07:00:00',1,13,8),(854,3,2,450000,'2023-04-03 07:00:00',1,14,8),(855,3,2,450000,'2023-04-03 07:00:00',1,15,8),(856,3,2,450000,'2023-04-03 07:00:00',1,16,8),(857,3,2,450000,'2023-04-03 07:00:00',1,17,8),(858,3,2,450000,'2023-04-03 07:00:00',1,18,8),(859,3,2,450000,'2023-04-03 07:00:00',1,19,8),(860,3,2,450000,'2023-04-03 07:00:00',1,20,8),(861,4,2,450000,'2023-04-03 07:00:00',1,1,9),(862,4,2,450000,'2023-04-03 07:00:00',1,2,9),(863,4,2,450000,'2023-04-03 07:00:00',1,3,9),(864,4,2,450000,'2023-04-03 07:00:00',1,4,9),(865,4,2,450000,'2023-04-03 07:00:00',1,5,9),(866,4,2,450000,'2023-04-03 07:00:00',1,6,9),(867,4,2,450000,'2023-04-03 07:00:00',1,7,9),(868,4,2,450000,'2023-04-03 07:00:00',1,8,9),(869,4,2,450000,'2023-04-03 07:00:00',1,9,9),(870,4,2,450000,'2023-04-03 07:00:00',1,10,9),(871,4,2,450000,'2023-04-03 07:00:00',1,11,9),(872,4,2,450000,'2023-04-03 07:00:00',1,12,9),(873,4,2,450000,'2023-04-03 07:00:00',1,13,9),(874,4,2,450000,'2023-04-03 07:00:00',1,14,9),(875,4,2,450000,'2023-04-03 07:00:00',1,15,9),(876,4,2,450000,'2023-04-03 07:00:00',1,16,9),(877,4,2,450000,'2023-04-03 07:00:00',1,17,9),(878,4,2,450000,'2023-04-03 07:00:00',1,18,9),(879,4,2,450000,'2023-04-03 07:00:00',1,19,9),(880,4,2,450000,'2023-04-03 07:00:00',1,20,9),(881,5,3,450000,'2023-04-03 07:00:00',1,1,10),(882,5,3,450000,'2023-04-03 07:00:00',1,2,10),(883,5,3,450000,'2023-04-03 07:00:00',1,3,10),(884,5,3,450000,'2023-04-03 07:00:00',1,4,10),(885,5,3,450000,'2023-04-03 07:00:00',1,5,10),(886,5,3,450000,'2023-04-03 07:00:00',1,6,10),(887,5,3,450000,'2023-04-03 07:00:00',1,7,10),(888,5,3,450000,'2023-04-03 07:00:00',1,8,10),(889,5,3,450000,'2023-04-03 07:00:00',1,9,10),(890,5,3,450000,'2023-04-03 07:00:00',1,10,10),(891,5,3,450000,'2023-04-03 07:00:00',1,11,10),(892,5,3,450000,'2023-04-03 07:00:00',1,12,10),(893,5,3,450000,'2023-04-03 07:00:00',1,13,10),(894,5,3,450000,'2023-04-03 07:00:00',1,14,10),(895,5,3,450000,'2023-04-03 07:00:00',1,15,10),(896,5,3,450000,'2023-04-03 07:00:00',1,16,10),(897,5,3,450000,'2023-04-03 07:00:00',1,17,10),(898,5,3,450000,'2023-04-03 07:00:00',1,18,10),(899,5,3,450000,'2023-04-03 07:00:00',1,19,10),(900,5,3,450000,'2023-04-03 07:00:00',1,20,10),(901,6,3,450000,'2023-04-03 07:00:00',1,1,11),(902,6,3,450000,'2023-04-03 07:00:00',1,2,11),(903,6,3,450000,'2023-04-03 07:00:00',1,3,11),(904,6,3,450000,'2023-04-03 07:00:00',1,4,11),(905,6,3,450000,'2023-04-03 07:00:00',1,5,11),(906,6,3,450000,'2023-04-03 07:00:00',1,6,11),(907,6,3,450000,'2023-04-03 07:00:00',1,7,11),(908,6,3,450000,'2023-04-03 07:00:00',1,8,11),(909,6,3,450000,'2023-04-03 07:00:00',1,9,11),(910,6,3,450000,'2023-04-03 07:00:00',1,10,11),(911,6,3,450000,'2023-04-03 07:00:00',1,11,11),(912,6,3,450000,'2023-04-03 07:00:00',1,12,11),(913,6,3,450000,'2023-04-03 07:00:00',1,13,11),(914,6,3,450000,'2023-04-03 07:00:00',1,14,11),(915,6,3,450000,'2023-04-03 07:00:00',1,15,11),(916,6,3,450000,'2023-04-03 07:00:00',1,16,11),(917,6,3,450000,'2023-04-03 07:00:00',1,17,11),(918,6,3,450000,'2023-04-03 07:00:00',1,18,11),(919,6,3,450000,'2023-04-03 07:00:00',1,19,11),(920,6,3,450000,'2023-04-03 07:00:00',1,20,11),(921,7,4,450000,'2023-04-03 07:00:00',1,1,12),(922,7,4,450000,'2023-04-03 07:00:00',1,2,12),(923,7,4,450000,'2023-04-03 07:00:00',1,3,12),(924,7,4,450000,'2023-04-03 07:00:00',1,4,12),(925,7,4,450000,'2023-04-03 07:00:00',1,5,12),(926,7,4,450000,'2023-04-03 07:00:00',1,6,12),(927,7,4,450000,'2023-04-03 07:00:00',1,7,12),(928,7,4,450000,'2023-04-03 07:00:00',1,8,12),(929,7,4,450000,'2023-04-03 07:00:00',1,9,12),(930,7,4,450000,'2023-04-03 07:00:00',1,10,12),(931,7,4,450000,'2023-04-03 07:00:00',1,11,12),(932,7,4,450000,'2023-04-03 07:00:00',1,12,12),(933,7,4,450000,'2023-04-03 07:00:00',1,13,12),(934,7,4,450000,'2023-04-03 07:00:00',1,14,12),(935,7,4,450000,'2023-04-03 07:00:00',1,15,12),(936,7,4,450000,'2023-04-03 07:00:00',1,16,12),(937,7,4,450000,'2023-04-03 07:00:00',1,17,12),(938,7,4,450000,'2023-04-03 07:00:00',1,18,12),(939,7,4,450000,'2023-04-03 07:00:00',1,19,12),(940,7,4,450000,'2023-04-03 07:00:00',1,20,12),(941,8,4,450000,'2023-04-03 07:00:00',1,1,13),(942,8,4,450000,'2023-04-03 07:00:00',1,2,13),(943,8,4,450000,'2023-04-03 07:00:00',1,3,13),(944,8,4,450000,'2023-04-03 07:00:00',1,4,13),(945,8,4,450000,'2023-04-03 07:00:00',1,5,13),(946,8,4,450000,'2023-04-03 07:00:00',1,6,13),(947,8,4,450000,'2023-04-03 07:00:00',1,7,13),(948,8,4,450000,'2023-04-03 07:00:00',1,8,13),(949,8,4,450000,'2023-04-03 07:00:00',1,9,13),(950,8,4,450000,'2023-04-03 07:00:00',1,10,13),(951,8,4,450000,'2023-04-03 07:00:00',1,11,13),(952,8,4,450000,'2023-04-03 07:00:00',1,12,13),(953,8,4,450000,'2023-04-03 07:00:00',1,13,13),(954,8,4,450000,'2023-04-03 07:00:00',1,14,13),(955,8,4,450000,'2023-04-03 07:00:00',1,15,13),(956,8,4,450000,'2023-04-03 07:00:00',1,16,13),(957,8,4,450000,'2023-04-03 07:00:00',1,17,13),(958,8,4,450000,'2023-04-03 07:00:00',1,18,13),(959,8,4,450000,'2023-04-03 07:00:00',1,19,13),(960,8,4,450000,'2023-04-03 07:00:00',1,20,13),(961,9,5,450000,'2023-04-03 07:00:00',1,1,14),(962,9,5,450000,'2023-04-03 07:00:00',1,2,14),(963,9,5,450000,'2023-04-03 07:00:00',1,3,14),(964,9,5,450000,'2023-04-03 07:00:00',1,4,14),(965,9,5,450000,'2023-04-03 07:00:00',1,5,14),(966,9,5,450000,'2023-04-03 07:00:00',1,6,14),(967,9,5,450000,'2023-04-03 07:00:00',1,7,14),(968,9,5,450000,'2023-04-03 07:00:00',1,8,14),(969,9,5,450000,'2023-04-03 07:00:00',1,9,14),(970,9,5,450000,'2023-04-03 07:00:00',1,10,14),(971,9,5,450000,'2023-04-03 07:00:00',1,11,14),(972,9,5,450000,'2023-04-03 07:00:00',1,12,14),(973,9,5,450000,'2023-04-03 07:00:00',1,13,14),(974,9,5,450000,'2023-04-03 07:00:00',1,14,14),(975,9,5,450000,'2023-04-03 07:00:00',1,15,14),(976,9,5,450000,'2023-04-03 07:00:00',1,16,14),(977,9,5,450000,'2023-04-03 07:00:00',1,17,14),(978,9,5,450000,'2023-04-03 07:00:00',1,18,14),(979,9,5,450000,'2023-04-03 07:00:00',1,19,14),(980,9,5,450000,'2023-04-03 07:00:00',1,20,14),(981,10,5,450000,'2023-04-03 07:00:00',1,1,15),(982,10,5,450000,'2023-04-03 07:00:00',1,2,15),(983,10,5,450000,'2023-04-03 07:00:00',1,3,15),(984,10,5,450000,'2023-04-03 07:00:00',1,4,15),(985,10,5,450000,'2023-04-03 07:00:00',1,5,15),(986,10,5,450000,'2023-04-03 07:00:00',1,6,15),(987,10,5,450000,'2023-04-03 07:00:00',1,7,15),(988,10,5,450000,'2023-04-03 07:00:00',1,8,15),(989,10,5,450000,'2023-04-03 07:00:00',1,9,15),(990,10,5,450000,'2023-04-03 07:00:00',1,10,15),(991,10,5,450000,'2023-04-03 07:00:00',1,11,15),(992,10,5,450000,'2023-04-03 07:00:00',1,12,15),(993,10,5,450000,'2023-04-03 07:00:00',1,13,15),(994,10,5,450000,'2023-04-03 07:00:00',1,14,15),(995,10,5,450000,'2023-04-03 07:00:00',1,15,15),(996,10,5,450000,'2023-04-03 07:00:00',1,16,15),(997,10,5,450000,'2023-04-03 07:00:00',1,17,15),(998,10,5,450000,'2023-04-03 07:00:00',1,18,15),(999,10,5,450000,'2023-04-03 07:00:00',1,19,15),(1000,10,5,450000,'2023-04-03 07:00:00',1,20,15),(1001,1,6,450000,'2023-04-03 19:00:00',1,1,6),(1002,1,6,450000,'2023-04-03 19:00:00',1,2,6),(1003,1,6,450000,'2023-04-03 19:00:00',1,3,6),(1004,1,6,450000,'2023-04-03 19:00:00',1,4,6),(1005,1,6,450000,'2023-04-03 19:00:00',1,5,6),(1006,1,6,450000,'2023-04-03 19:00:00',1,6,6),(1007,1,6,450000,'2023-04-03 19:00:00',1,7,6),(1008,1,6,450000,'2023-04-03 19:00:00',1,8,6),(1009,1,6,450000,'2023-04-03 19:00:00',1,9,6),(1010,1,6,450000,'2023-04-03 19:00:00',1,10,6),(1011,1,6,450000,'2023-04-03 19:00:00',1,11,6),(1012,1,6,450000,'2023-04-03 19:00:00',1,12,6),(1013,1,6,450000,'2023-04-03 19:00:00',1,13,6),(1014,1,6,450000,'2023-04-03 19:00:00',1,14,6),(1015,1,6,450000,'2023-04-03 19:00:00',1,15,6),(1016,1,6,450000,'2023-04-03 19:00:00',1,16,6),(1017,1,6,450000,'2023-04-03 19:00:00',1,17,6),(1018,1,6,450000,'2023-04-03 19:00:00',1,18,6),(1019,1,6,450000,'2023-04-03 19:00:00',1,19,6),(1020,1,6,450000,'2023-04-03 19:00:00',1,20,6),(1021,2,6,450000,'2023-04-03 19:00:00',1,1,7),(1022,2,6,450000,'2023-04-03 19:00:00',1,2,7),(1023,2,6,450000,'2023-04-03 19:00:00',1,3,7),(1024,2,6,450000,'2023-04-03 19:00:00',1,4,7),(1025,2,6,450000,'2023-04-03 19:00:00',1,5,7),(1026,2,6,450000,'2023-04-03 19:00:00',1,6,7),(1027,2,6,450000,'2023-04-03 19:00:00',1,7,7),(1028,2,6,450000,'2023-04-03 19:00:00',1,8,7),(1029,2,6,450000,'2023-04-03 19:00:00',1,9,7),(1030,2,6,450000,'2023-04-03 19:00:00',1,10,7),(1031,2,6,450000,'2023-04-03 19:00:00',1,11,7),(1032,2,6,450000,'2023-04-03 19:00:00',1,12,7),(1033,2,6,450000,'2023-04-03 19:00:00',1,13,7),(1034,2,6,450000,'2023-04-03 19:00:00',1,14,7),(1035,2,6,450000,'2023-04-03 19:00:00',1,15,7),(1036,2,6,450000,'2023-04-03 19:00:00',1,16,7),(1037,2,6,450000,'2023-04-03 19:00:00',1,17,7),(1038,2,6,450000,'2023-04-03 19:00:00',1,18,7),(1039,2,6,450000,'2023-04-03 19:00:00',1,19,7),(1040,2,6,450000,'2023-04-03 19:00:00',1,20,7),(1041,3,7,450000,'2023-04-03 19:00:00',1,1,8),(1042,3,7,450000,'2023-04-03 19:00:00',1,2,8),(1043,3,7,450000,'2023-04-03 19:00:00',1,3,8),(1044,3,7,450000,'2023-04-03 19:00:00',1,4,8),(1045,3,7,450000,'2023-04-03 19:00:00',1,5,8),(1046,3,7,450000,'2023-04-03 19:00:00',1,6,8),(1047,3,7,450000,'2023-04-03 19:00:00',1,7,8),(1048,3,7,450000,'2023-04-03 19:00:00',1,8,8),(1049,3,7,450000,'2023-04-03 19:00:00',1,9,8),(1050,3,7,450000,'2023-04-03 19:00:00',1,10,8),(1051,3,7,450000,'2023-04-03 19:00:00',1,11,8),(1052,3,7,450000,'2023-04-03 19:00:00',1,12,8),(1053,3,7,450000,'2023-04-03 19:00:00',1,13,8),(1054,3,7,450000,'2023-04-03 19:00:00',1,14,8),(1055,3,7,450000,'2023-04-03 19:00:00',1,15,8),(1056,3,7,450000,'2023-04-03 19:00:00',1,16,8),(1057,3,7,450000,'2023-04-03 19:00:00',1,17,8),(1058,3,7,450000,'2023-04-03 19:00:00',1,18,8),(1059,3,7,450000,'2023-04-03 19:00:00',1,19,8),(1060,3,7,450000,'2023-04-03 19:00:00',1,20,8),(1061,4,7,450000,'2023-04-03 19:00:00',1,1,9),(1062,4,7,450000,'2023-04-03 19:00:00',1,2,9),(1063,4,7,450000,'2023-04-03 19:00:00',1,3,9),(1064,4,7,450000,'2023-04-03 19:00:00',1,4,9),(1065,4,7,450000,'2023-04-03 19:00:00',1,5,9),(1066,4,7,450000,'2023-04-03 19:00:00',1,6,9),(1067,4,7,450000,'2023-04-03 19:00:00',1,7,9),(1068,4,7,450000,'2023-04-03 19:00:00',1,8,9),(1069,4,7,450000,'2023-04-03 19:00:00',1,9,9),(1070,4,7,450000,'2023-04-03 19:00:00',1,10,9),(1071,4,7,450000,'2023-04-03 19:00:00',1,11,9),(1072,4,7,450000,'2023-04-03 19:00:00',1,12,9),(1073,4,7,450000,'2023-04-03 19:00:00',1,13,9),(1074,4,7,450000,'2023-04-03 19:00:00',1,14,9),(1075,4,7,450000,'2023-04-03 19:00:00',1,15,9),(1076,4,7,450000,'2023-04-03 19:00:00',1,16,9),(1077,4,7,450000,'2023-04-03 19:00:00',1,17,9),(1078,4,7,450000,'2023-04-03 19:00:00',1,18,9),(1079,4,7,450000,'2023-04-03 19:00:00',1,19,9),(1080,4,7,450000,'2023-04-03 19:00:00',1,20,9),(1081,5,8,450000,'2023-04-03 19:00:00',1,1,10),(1082,5,8,450000,'2023-04-03 19:00:00',1,2,10),(1083,5,8,450000,'2023-04-03 19:00:00',1,3,10),(1084,5,8,450000,'2023-04-03 19:00:00',1,4,10),(1085,5,8,450000,'2023-04-03 19:00:00',1,5,10),(1086,5,8,450000,'2023-04-03 19:00:00',1,6,10),(1087,5,8,450000,'2023-04-03 19:00:00',1,7,10),(1088,5,8,450000,'2023-04-03 19:00:00',1,8,10),(1089,5,8,450000,'2023-04-03 19:00:00',1,9,10),(1090,5,8,450000,'2023-04-03 19:00:00',1,10,10),(1091,5,8,450000,'2023-04-03 19:00:00',1,11,10),(1092,5,8,450000,'2023-04-03 19:00:00',1,12,10),(1093,5,8,450000,'2023-04-03 19:00:00',1,13,10),(1094,5,8,450000,'2023-04-03 19:00:00',1,14,10),(1095,5,8,450000,'2023-04-03 19:00:00',1,15,10),(1096,5,8,450000,'2023-04-03 19:00:00',1,16,10),(1097,5,8,450000,'2023-04-03 19:00:00',1,17,10),(1098,5,8,450000,'2023-04-03 19:00:00',1,18,10),(1099,5,8,450000,'2023-04-03 19:00:00',1,19,10),(1100,5,8,450000,'2023-04-03 19:00:00',1,20,10),(1101,6,8,450000,'2023-04-03 19:00:00',1,1,11),(1102,6,8,450000,'2023-04-03 19:00:00',1,2,11),(1103,6,8,450000,'2023-04-03 19:00:00',1,3,11),(1104,6,8,450000,'2023-04-03 19:00:00',1,4,11),(1105,6,8,450000,'2023-04-03 19:00:00',1,5,11),(1106,6,8,450000,'2023-04-03 19:00:00',1,6,11),(1107,6,8,450000,'2023-04-03 19:00:00',1,7,11),(1108,6,8,450000,'2023-04-03 19:00:00',1,8,11),(1109,6,8,450000,'2023-04-03 19:00:00',1,9,11),(1110,6,8,450000,'2023-04-03 19:00:00',1,10,11),(1111,6,8,450000,'2023-04-03 19:00:00',1,11,11),(1112,6,8,450000,'2023-04-03 19:00:00',1,12,11),(1113,6,8,450000,'2023-04-03 19:00:00',1,13,11),(1114,6,8,450000,'2023-04-03 19:00:00',1,14,11),(1115,6,8,450000,'2023-04-03 19:00:00',1,15,11),(1116,6,8,450000,'2023-04-03 19:00:00',1,16,11),(1117,6,8,450000,'2023-04-03 19:00:00',1,17,11),(1118,6,8,450000,'2023-04-03 19:00:00',1,18,11),(1119,6,8,450000,'2023-04-03 19:00:00',1,19,11),(1120,6,8,450000,'2023-04-03 19:00:00',1,20,11),(1121,7,9,450000,'2023-04-03 19:00:00',1,1,12),(1122,7,9,450000,'2023-04-03 19:00:00',1,2,12),(1123,7,9,450000,'2023-04-03 19:00:00',1,3,12),(1124,7,9,450000,'2023-04-03 19:00:00',1,4,12),(1125,7,9,450000,'2023-04-03 19:00:00',1,5,12),(1126,7,9,450000,'2023-04-03 19:00:00',1,6,12),(1127,7,9,450000,'2023-04-03 19:00:00',1,7,12),(1128,7,9,450000,'2023-04-03 19:00:00',1,8,12),(1129,7,9,450000,'2023-04-03 19:00:00',1,9,12),(1130,7,9,450000,'2023-04-03 19:00:00',1,10,12),(1131,7,9,450000,'2023-04-03 19:00:00',1,11,12),(1132,7,9,450000,'2023-04-03 19:00:00',1,12,12),(1133,7,9,450000,'2023-04-03 19:00:00',1,13,12),(1134,7,9,450000,'2023-04-03 19:00:00',1,14,12),(1135,7,9,450000,'2023-04-03 19:00:00',1,15,12),(1136,7,9,450000,'2023-04-03 19:00:00',1,16,12),(1137,7,9,450000,'2023-04-03 19:00:00',1,17,12),(1138,7,9,450000,'2023-04-03 19:00:00',1,18,12),(1139,7,9,450000,'2023-04-03 19:00:00',1,19,12),(1140,7,9,450000,'2023-04-03 19:00:00',1,20,12),(1141,8,9,450000,'2023-04-03 19:00:00',1,1,13),(1142,8,9,450000,'2023-04-03 19:00:00',1,2,13),(1143,8,9,450000,'2023-04-03 19:00:00',1,3,13),(1144,8,9,450000,'2023-04-03 19:00:00',1,4,13),(1145,8,9,450000,'2023-04-03 19:00:00',1,5,13),(1146,8,9,450000,'2023-04-03 19:00:00',1,6,13),(1147,8,9,450000,'2023-04-03 19:00:00',1,7,13),(1148,8,9,450000,'2023-04-03 19:00:00',1,8,13),(1149,8,9,450000,'2023-04-03 19:00:00',1,9,13),(1150,8,9,450000,'2023-04-03 19:00:00',1,10,13),(1151,8,9,450000,'2023-04-03 19:00:00',1,11,13),(1152,8,9,450000,'2023-04-03 19:00:00',1,12,13),(1153,8,9,450000,'2023-04-03 19:00:00',1,13,13),(1154,8,9,450000,'2023-04-03 19:00:00',1,14,13),(1155,8,9,450000,'2023-04-03 19:00:00',1,15,13),(1156,8,9,450000,'2023-04-03 19:00:00',1,16,13),(1157,8,9,450000,'2023-04-03 19:00:00',1,17,13),(1158,8,9,450000,'2023-04-03 19:00:00',1,18,13),(1159,8,9,450000,'2023-04-03 19:00:00',1,19,13),(1160,8,9,450000,'2023-04-03 19:00:00',1,20,13),(1161,9,10,450000,'2023-04-03 19:00:00',1,1,14),(1162,9,10,450000,'2023-04-03 19:00:00',1,2,14),(1163,9,10,450000,'2023-04-03 19:00:00',1,3,14),(1164,9,10,450000,'2023-04-03 19:00:00',1,4,14),(1165,9,10,450000,'2023-04-03 19:00:00',1,5,14),(1166,9,10,450000,'2023-04-03 19:00:00',1,6,14),(1167,9,10,450000,'2023-04-03 19:00:00',1,7,14),(1168,9,10,450000,'2023-04-03 19:00:00',1,8,14),(1169,9,10,450000,'2023-04-03 19:00:00',1,9,14),(1170,9,10,450000,'2023-04-03 19:00:00',1,10,14),(1171,9,10,450000,'2023-04-03 19:00:00',1,11,14),(1172,9,10,450000,'2023-04-03 19:00:00',1,12,14),(1173,9,10,450000,'2023-04-03 19:00:00',1,13,14),(1174,9,10,450000,'2023-04-03 19:00:00',1,14,14),(1175,9,10,450000,'2023-04-03 19:00:00',1,15,14),(1176,9,10,450000,'2023-04-03 19:00:00',1,16,14),(1177,9,10,450000,'2023-04-03 19:00:00',1,17,14),(1178,9,10,450000,'2023-04-03 19:00:00',1,18,14),(1179,9,10,450000,'2023-04-03 19:00:00',1,19,14),(1180,9,10,450000,'2023-04-03 19:00:00',1,20,14),(1181,10,10,450000,'2023-04-03 19:00:00',1,1,15),(1182,10,10,450000,'2023-04-03 19:00:00',1,2,15),(1183,10,10,450000,'2023-04-03 19:00:00',1,3,15),(1184,10,10,450000,'2023-04-03 19:00:00',1,4,15),(1185,10,10,450000,'2023-04-03 19:00:00',1,5,15),(1186,10,10,450000,'2023-04-03 19:00:00',1,6,15),(1187,10,10,450000,'2023-04-03 19:00:00',1,7,15),(1188,10,10,450000,'2023-04-03 19:00:00',1,8,15),(1189,10,10,450000,'2023-04-03 19:00:00',1,9,15),(1190,10,10,450000,'2023-04-03 19:00:00',1,10,15),(1191,10,10,450000,'2023-04-03 19:00:00',1,11,15),(1192,10,10,450000,'2023-04-03 19:00:00',1,12,15),(1193,10,10,450000,'2023-04-03 19:00:00',1,13,15),(1194,10,10,450000,'2023-04-03 19:00:00',1,14,15),(1195,10,10,450000,'2023-04-03 19:00:00',1,15,15),(1196,10,10,450000,'2023-04-03 19:00:00',1,16,15),(1197,10,10,450000,'2023-04-03 19:00:00',1,17,15),(1198,10,10,450000,'2023-04-03 19:00:00',1,18,15),(1199,10,10,450000,'2023-04-03 19:00:00',1,19,15),(1200,10,10,450000,'2023-04-03 19:00:00',1,20,15);
/*!40000 ALTER TABLE `coachstripcoachseat` ENABLE KEYS */;
UNLOCK TABLES;

--
-- Table structure for table `coachstrips`
--

DROP TABLE IF EXISTS `coachstrips`;
/*!40101 SET @saved_cs_client     = @@character_set_client */;
/*!50503 SET character_set_client = utf8mb4 */;
CREATE TABLE `coachstrips` (
  `idCoachStips` int NOT NULL AUTO_INCREMENT,
  `departureTime` datetime DEFAULT NULL,
  `distance` int DEFAULT NULL,
  `arrivalTime` time DEFAULT NULL,
  `idStationsStart` int DEFAULT NULL,
  `idStationsEnd` int DEFAULT NULL,
  PRIMARY KEY (`idCoachStips`),
  KEY `FK_coachstrips_station_start` (`idStationsStart`),
  KEY `FK_coachstrips_station_end` (`idStationsEnd`),
  CONSTRAINT `FK_coachstrips_station_end` FOREIGN KEY (`idStationsEnd`) REFERENCES `stations` (`idStations`),
  CONSTRAINT `FK_coachstrips_station_start` FOREIGN KEY (`idStationsStart`) REFERENCES `stations` (`idStations`)
) ENGINE=InnoDB AUTO_INCREMENT=11 DEFAULT CHARSET=utf8mb4 COLLATE=utf8mb4_0900_ai_ci;
/*!40101 SET character_set_client = @saved_cs_client */;

--
-- Dumping data for table `coachstrips`
--

LOCK TABLES `coachstrips` WRITE;
/*!40000 ALTER TABLE `coachstrips` DISABLE KEYS */;
INSERT INTO `coachstrips` VALUES (1,'2023-04-01 07:00:00',820,'00:00:00',4,9),(2,'2023-04-01 07:00:00',1070,'00:00:00',7,2),(3,'2023-04-01 07:00:00',1610,'00:00:00',3,8),(4,'2023-04-01 07:00:00',1210,'00:00:00',6,1),(5,'2023-04-01 07:00:00',1390,'00:00:00',2,5),(6,'2023-04-01 19:00:00',820,'00:00:00',9,4),(7,'2023-04-01 19:00:00',1070,'00:00:00',2,7),(8,'2023-04-01 19:00:00',1610,'00:00:00',8,3),(9,'2023-04-01 19:00:00',1210,'00:00:00',1,6),(10,'2023-04-01 19:00:00',1390,'00:00:00',5,2);
/*!40000 ALTER TABLE `coachstrips` ENABLE KEYS */;
UNLOCK TABLES;

--
-- Table structure for table `customer`
--

DROP TABLE IF EXISTS `customer`;
/*!40101 SET @saved_cs_client     = @@character_set_client */;
/*!50503 SET character_set_client = utf8mb4 */;
CREATE TABLE `customer` (
  `idCustomer` int NOT NULL AUTO_INCREMENT,
  `name` varchar(255) DEFAULT NULL,
  `phoneNumber` int DEFAULT NULL,
  `addressCus` varchar(255) DEFAULT NULL,
  PRIMARY KEY (`idCustomer`)
) ENGINE=InnoDB AUTO_INCREMENT=21 DEFAULT CHARSET=utf8mb4 COLLATE=utf8mb4_0900_ai_ci;
/*!40101 SET character_set_client = @saved_cs_client */;

--
-- Dumping data for table `customer`
--

LOCK TABLES `customer` WRITE;
/*!40000 ALTER TABLE `customer` DISABLE KEYS */;
INSERT INTO `customer` VALUES (1,'Nguyễn Thị Hương',984376291,'Hà Nội'),(2,'Trần Văn Hải',986219763,'Bình Thuận'),(3,'Lê Thị Mai',983765431,'Ninh Thuận'),(4,'Phạm Văn Hưng',985432178,'Đà Nẳng'),(5,'Đinh Thị Hạnh',982187439,'Bình Dương'),(6,'Vũ Minh Đức',986547213,'Quảng Nam'),(7,'Hoàng Thị Phương',987654321,'Hà Tĩnh'),(8,'Nguyễn Văn Hùng',982349156,'Bắc Giang'),(9,'Bùi Thị Thu',986541237,'Cao Bằng'),(10,'Lê Văn Tuấn',987654312,'TP.HCM'),(11,'Nguyễn Thị Ánh',982345671,'Nha Trang'),(12,'Vũ Thị Mai',987654132,'Huế'),(13,'Trần Thanh Tùng',984562713,'Tây Ninh'),(14,'Phạm Thị Hạnh',983478562,'Đồng Nai'),(15,'Đinh Văn Đức',985237641,'TP.HCM'),(16,'Lê Văn Anh',983216547,'Gia Lai'),(17,'Nguyễn Thị Ngọc',982134765,'Cà Mau'),(18,'Bùi Văn Hưng',984765321,'Khánh Hòa'),(19,'Lê Thị An',985678432,'Kom Tum'),(20,'Trần Văn Phúc',987654213,'Vũng Tàu');
/*!40000 ALTER TABLE `customer` ENABLE KEYS */;
UNLOCK TABLES;

--
-- Table structure for table `roles`
--

DROP TABLE IF EXISTS `roles`;
/*!40101 SET @saved_cs_client     = @@character_set_client */;
/*!50503 SET character_set_client = utf8mb4 */;
CREATE TABLE `roles` (
  `nameRoles` varchar(255) NOT NULL,
  PRIMARY KEY (`nameRoles`)
) ENGINE=InnoDB DEFAULT CHARSET=utf8mb4 COLLATE=utf8mb4_0900_ai_ci;
/*!40101 SET character_set_client = @saved_cs_client */;

--
-- Dumping data for table `roles`
--

LOCK TABLES `roles` WRITE;
/*!40000 ALTER TABLE `roles` DISABLE KEYS */;
INSERT INTO `roles` VALUES ('Admin'),('Nhân Viên'),('Tài Xế');
/*!40000 ALTER TABLE `roles` ENABLE KEYS */;
UNLOCK TABLES;

--
-- Table structure for table `staff`
--

DROP TABLE IF EXISTS `staff`;
/*!40101 SET @saved_cs_client     = @@character_set_client */;
/*!50503 SET character_set_client = utf8mb4 */;
CREATE TABLE `staff` (
  `idStaff` int NOT NULL AUTO_INCREMENT,
  `passWord` int DEFAULT NULL,
  `userName` varchar(255) DEFAULT NULL,
  `addressUser` varchar(255) DEFAULT NULL,
  `roles` varchar(255) DEFAULT NULL,
  `nameStaff` varchar(255) DEFAULT NULL,
  `age` int DEFAULT NULL,
  `gender` varchar(255) DEFAULT NULL,
  `phone` int DEFAULT NULL,
  `brithStaff` date DEFAULT NULL,
  PRIMARY KEY (`idStaff`),
  KEY `idx_roles` (`roles`),
  CONSTRAINT `FK_staff_role` FOREIGN KEY (`roles`) REFERENCES `roles` (`nameRoles`)
) ENGINE=InnoDB AUTO_INCREMENT=17 DEFAULT CHARSET=utf8mb4 COLLATE=utf8mb4_0900_ai_ci;
/*!40101 SET character_set_client = @saved_cs_client */;

--
-- Dumping data for table `staff`
--

LOCK TABLES `staff` WRITE;
/*!40000 ALTER TABLE `staff` DISABLE KEYS */;
INSERT INTO `staff` VALUES (1,12345678,'nva','Hà Nội','Nhân viên','Nguyễn Văn An',25,'Nam',987654321,'2001-01-01'),(2,87654321,'ttb','Hồ Chí Minh','Nhân viên','Trần Thị Bình',30,'Nữ',123456789,'1995-06-30'),(3,13572468,'lvc','Hà Nội','Nhân viên','Lê Văn Cẩn',28,'Nam',987123456,'1997-08-15'),(4,56781234,'ptd','Đà Nẵng','Nhân viên','Phạm Thị Diểm',22,'Nữ',129876543,'2000-02-29'),(5,24681357,'nte','Hải Phòng','Nhân viên','Nguyễn Thành Én',29,'Nam',976543210,'1994-05-20'),(6,13579753,'tvt','Huế','Tài Xế','Trần Văn Thuận',26,'Nam',123456780,'1996-09-12'),(7,75395128,'ltg','Cần Thơ','Tài Xế','Lê Thị Giang',32,'Nữ',908765432,'1990-11-25'),(8,36985214,'pvh','Hà Nội','Tài Xế','Phạm Văn Hoài',27,'Nam',987654321,'1994-07-14'),(9,98765432,'nti','Hải Phòng','Tài Xế','Nguyễn Thị Iến',31,'Nữ',123456789,'1991-12-24'),(10,45678912,'tvk','Hồ Chí Minh','Tài Xế','Trần Văn Kiên',23,'Nam',987123456,'1999-03-07'),(11,123456,'nln','Hà Nội','Tài xế','Nguyễn Lê Nhung',26,'Nữ',987654321,'1995-03-25'),(12,234567,'ptl','Đà Nẵng','Tài xế','Phạm Thanh Lộc',29,'Nam',123456789,'1993-09-17'),(13,345678,'lth','Hà Nội','Tài xế','Lê Thị Hà',28,'Nữ',976543210,'1994-11-23'),(14,456789,'ntn','Hồ Chí Minh','Tài xế','Nguyễn Thị Nhung',30,'Nữ',908765432,'1992-06-10'),(15,567890,'tvn','Hà Nội','Tài xế','Trần Văn Nam',32,'Nam',891234567,'1990-12-31'),(16,868196036,'nnl','Bình Thuận','Admin','Nguyễn Ngọc Luân',21,'Nam',868196036,'2000-11-07');
/*!40000 ALTER TABLE `staff` ENABLE KEYS */;
UNLOCK TABLES;

--
-- Table structure for table `stations`
--

DROP TABLE IF EXISTS `stations`;
/*!40101 SET @saved_cs_client     = @@character_set_client */;
/*!50503 SET character_set_client = utf8mb4 */;
CREATE TABLE `stations` (
  `idStations` int NOT NULL AUTO_INCREMENT,
  `name` varchar(255) DEFAULT NULL,
  `address` varchar(255) DEFAULT NULL,
  PRIMARY KEY (`idStations`)
) ENGINE=InnoDB AUTO_INCREMENT=11 DEFAULT CHARSET=utf8mb4 COLLATE=utf8mb4_0900_ai_ci;
/*!40101 SET character_set_client = @saved_cs_client */;

--
-- Dumping data for table `stations`
--

LOCK TABLES `stations` WRITE;
/*!40000 ALTER TABLE `stations` DISABLE KEYS */;
INSERT INTO `stations` VALUES (1,'Bến xe Miền Đông','TP.Hồ Chí Minh'),(2,'Bến xe Mỹ Đình','Hà Nội'),(3,'Bến xe Nước Ngầm','Hà Nội'),(4,'Bến xe Phía Nam','Cần Thơ'),(5,'Bến xe Hàm Tân','Bình Thuận'),(6,'Bến xe Phía Đông','Hải Phòng'),(7,'Bến xe Tây Nguyên','Đắk Lắk'),(8,'Bến xe Phía Tây','Sơn La'),(9,'Bến xe Miền Trung','Đà Nẵng'),(10,'Bến xe Mỹ Tho','Tiền Giang');
/*!40000 ALTER TABLE `stations` ENABLE KEYS */;
UNLOCK TABLES;

--
-- Table structure for table `ticket`
--

DROP TABLE IF EXISTS `ticket`;
/*!40101 SET @saved_cs_client     = @@character_set_client */;
/*!50503 SET character_set_client = utf8mb4 */;
CREATE TABLE `ticket` (
  `idTicket` int NOT NULL AUTO_INCREMENT,
  `idStationBuy` int DEFAULT NULL,
  `bookingDate` datetime DEFAULT NULL,
  `idCustomer` int DEFAULT NULL,
  `idStaff` int DEFAULT NULL,
  `status` int DEFAULT NULL,
  `idCoachStripCoachSeat` int DEFAULT NULL,
  PRIMARY KEY (`idTicket`),
  KEY `FK_staff_ticket` (`idStaff`),
  KEY `FK__Ticket_Customer` (`idCustomer`),
  KEY `FK_ticket_coachofcoachstrips` (`idCoachStripCoachSeat`),
  KEY `FK_ticket_stations` (`idStationBuy`),
  CONSTRAINT `FK__Ticket_Customer` FOREIGN KEY (`idCustomer`) REFERENCES `customer` (`idCustomer`),
  CONSTRAINT `FK_ticket_coachofcoachstrips` FOREIGN KEY (`idCoachStripCoachSeat`) REFERENCES `coachstripcoachseat` (`idCSCS`),
  CONSTRAINT `FK_ticket_staff` FOREIGN KEY (`idStaff`) REFERENCES `staff` (`idStaff`),
  CONSTRAINT `FK_ticket_stations` FOREIGN KEY (`idStationBuy`) REFERENCES `stations` (`idStations`)
) ENGINE=InnoDB AUTO_INCREMENT=21 DEFAULT CHARSET=utf8mb4 COLLATE=utf8mb4_0900_ai_ci;
/*!40101 SET character_set_client = @saved_cs_client */;

--
-- Dumping data for table `ticket`
--

LOCK TABLES `ticket` WRITE;
/*!40000 ALTER TABLE `ticket` DISABLE KEYS */;
INSERT INTO `ticket` VALUES (1,1,'2023-04-01 05:00:00',1,1,1,1),(2,1,'2023-04-01 05:00:00',2,1,1,2),(3,1,'2023-04-01 05:00:00',3,1,1,3),(4,1,'2023-04-01 06:00:00',4,1,1,4),(5,1,'2023-04-01 05:00:00',5,1,1,5),(6,1,'2023-04-01 05:00:00',6,1,1,6),(7,1,'2023-04-01 06:00:00',7,1,1,7),(8,1,'2023-04-01 05:00:00',8,1,1,8),(9,1,'2023-04-01 05:00:00',9,1,1,9),(10,1,'2023-04-01 06:00:00',10,1,1,10),(11,1,'2023-04-01 05:00:00',11,1,1,11),(12,1,'2023-04-01 05:00:00',12,1,1,12),(13,1,'2023-04-01 06:00:00',13,1,1,13),(14,1,'2023-04-01 05:00:00',14,1,1,14),(15,1,'2023-04-01 05:00:00',15,1,1,15),(16,1,'2023-04-01 06:00:00',16,1,1,16),(17,1,'2023-04-01 05:00:00',17,1,1,17),(18,1,'2023-04-01 05:00:00',18,1,1,18),(19,1,'2023-04-01 05:00:00',19,1,1,19),(20,1,'2023-04-01 05:00:00',20,1,1,20);
/*!40000 ALTER TABLE `ticket` ENABLE KEYS */;
UNLOCK TABLES;

--
-- Table structure for table `typeofcoach`
--

DROP TABLE IF EXISTS `typeofcoach`;
/*!40101 SET @saved_cs_client     = @@character_set_client */;
/*!50503 SET character_set_client = utf8mb4 */;
CREATE TABLE `typeofcoach` (
  `nameTypeOfCoach` varchar(255) CHARACTER SET utf8mb4 COLLATE utf8mb4_unicode_ci NOT NULL,
  PRIMARY KEY (`nameTypeOfCoach`)
) ENGINE=InnoDB DEFAULT CHARSET=utf8mb4 COLLATE=utf8mb4_unicode_ci;
/*!40101 SET character_set_client = @saved_cs_client */;

--
-- Dumping data for table `typeofcoach`
--

LOCK TABLES `typeofcoach` WRITE;
/*!40000 ALTER TABLE `typeofcoach` DISABLE KEYS */;
INSERT INTO `typeofcoach` VALUES ('Xe Giường Nằm'),('Xe Khách');
/*!40000 ALTER TABLE `typeofcoach` ENABLE KEYS */;
UNLOCK TABLES;
/*!40103 SET TIME_ZONE=@OLD_TIME_ZONE */;

/*!40101 SET SQL_MODE=@OLD_SQL_MODE */;
/*!40014 SET FOREIGN_KEY_CHECKS=@OLD_FOREIGN_KEY_CHECKS */;
/*!40014 SET UNIQUE_CHECKS=@OLD_UNIQUE_CHECKS */;
/*!40101 SET CHARACTER_SET_CLIENT=@OLD_CHARACTER_SET_CLIENT */;
/*!40101 SET CHARACTER_SET_RESULTS=@OLD_CHARACTER_SET_RESULTS */;
/*!40101 SET COLLATION_CONNECTION=@OLD_COLLATION_CONNECTION */;
/*!40111 SET SQL_NOTES=@OLD_SQL_NOTES */;

-- Dump completed on 2023-04-03 11:12:52
